id,Name,How to,Form check,Movement plane id,Muscles worked (primary),Muscles worked (secondary),Equipment,YT video,"Excercise type (reps, reps x weight, timed, timed x weight)",workout section
ab_scissors,Ab Scissors,,,core_flexion,Abdominals,Hip flexors; obliques,Bodyweight,,reps,strength
ab_wheel_eccentric,Ab Wheel (Eccentric),"Roll out from the knees through a longer range than you can return from, taking three to five seconds on the way out. Lower to the floor at the end and reset for the next rep.",Three to five seconds out · Go past your normal range · Reset from the floor each rep,core_anti_extension,Abdominals,Glutes; lower back,Ab wheel,https://www.youtube.com/watch?v=4f3zHK6iwz8,reps,strength
ab_wheel_kneeling,Ab Wheel (Kneeling),"Kneel with the wheel under your shoulders and grip the handles. Tuck the pelvis, then roll out as far as you can keep a flat back and pull yourself back with the abs.","Tuck the pelvis before rolling · Flat back, no arching · Pull back with the abs not the arms",core_anti_extension,Abdominals,Glutes; lower back,Ab wheel,https://www.youtube.com/watch?v=ep26hq1kHwY,reps,strength
ab_wheel_standing,Ab Wheel (Standing),"Start standing with the wheel on the floor in front of your feet. Roll out to full extension without letting the knees touch, then pull yourself all the way back to standing.",Knees never touch the floor · Flat back the whole way · Use a wall as a stop while learning,core_anti_extension,Abdominals,Glutes; lower back,Ab wheel,https://www.youtube.com/watch?v=L_2k97JeyzY,reps,strength
aerobics,Aerobics,,,cardio,Cardiovascular system,,Cardio equipment or open space,,timed,warmup/cooldown
air_bike,Air Bike,"Lie on your back with hands lightly beside your head and lift your shoulders off the floor. Bring one knee toward your chest as you rotate the opposite elbow to meet it. Switch sides in a pedaling motion, extending the free leg out straight.",Twist elbow to opposite knee · Don't yank the neck · Fully straighten the free leg,cardio,Cardiovascular system,,Bodyweight,https://www.youtube.com/watch?v=jKT7-9L935g,timed,warmup/cooldown
arch_hang,Arch Hang,"Hang from the bar and pull the shoulder blades down, then arch the chest toward the bar while looking up. Hold briefly and return to a hollow hang.",Chest up toward the bar · Shoulders stay pulled down · Alternate hollow and arch,vertical_pull,Lats,Biceps; upper back; forearms,Pull-up bar,https://www.youtube.com/watch?v=KoOKCFtU-Zc,timed,strength
arnold_press_dumbbell,Arnold Press (Dumbbell),"Start with the dumbbells in front of the shoulders, palms facing you. Press overhead while rotating the palms to face forward, then reverse the rotation on the way down.",Rotate smoothly through the press · keep the core braced · don't flare or bounce at the bottom · control the full range,vertical_push,Shoulders,Triceps; upper chest,Dumbbell,https://www.youtube.com/watch?v=pQDrcNoDNVM,reps x weight,strength
around_the_world,Around The World,,,iso_chest,Chest,Front deltoids; biceps,Bodyweight,,reps,strength
assisted_pistol_squats,Assisted Pistol Squats,Hold a doorframe or strap for light assistance and lower on one leg with the other held out in front. Use the hands only as much as needed to reach the bottom.,Free leg stays off the floor · Least assistance that works · Heel stays down,squat,Quadriceps,Glutes; hamstrings; calves,Bodyweight,https://www.youtube.com/watch?v=YzLuiF4dsdY,reps,strength
back_extension_hyperextension,Back Extension (Hyperextension),,,hinge,Lower back,Glutes; lower back; adductors,Bodyweight,,reps,strength
back_extension_machine,Back Extension (Machine),,,hinge,Lower back,Glutes; lower back; adductors,Machine,,reps x weight,strength
back_extension_weighted_hyperextension,Back Extension (Weighted Hyperextension),,,hinge,Lower back,Glutes; lower back; adductors,Bodyweight,,reps x weight,strength
ball_slams,Ball Slams,,,power_plyo,Full body,Glutes; hamstrings; calves,Bodyweight,,reps,strength
band_pullaparts,Band Pullaparts,"Hold a band with both hands, arms extended straight out in front at shoulder height. Keeping your elbows locked, pull the band apart by driving your hands out to your sides until it meets your chest. Return slowly to the front.","Keep elbows locked, pull to your chest · Stay tall, don't shrug up",iso_shoulder,Shoulders,Traps; rotator cuff,Resistance band,https://www.youtube.com/watch?v=smSSXITNpCI,reps,strength
bar_pullover,Bar Pullover,"Pull hard until the bar reaches the waist, then lean the shoulders forward and rotate over the bar into a straight arm support.",Pull to the waist before rotating · Lean the shoulders over early · Keep the bar close to the body,vertical_pull,Lats,Biceps; upper back; forearms,Pull-up bar,https://www.youtube.com/watch?v=ExqodKpe8lw,reps,strength
battle_ropes,Battle Ropes,"Anchor a heavy rope at its center and hold one end in each hand with arms at your sides. Drop into a slight athletic quarter-squat and brace your core. Rapidly raise and lower each arm to drive alternating waves down the rope, keeping them fast and continuous.","Sit into a quarter-squat · Drive fast, tall waves · Keep both arms moving evenly",cardio,Cardiovascular system,,Battle ropes,https://www.youtube.com/watch?v=QqvfQQFVX5E,timed,warmup/cooldown
behind_the_back_bicep_wrist_curl_barbell,Behind the Back Bicep Wrist Curl (Barbell),,,iso_forearm,Forearms,Biceps,Barbell,,reps x weight,strength
bench_dip,Bench Dip,"Sit on a bench with the hands beside the hips and the feet on the floor in front of you. Slide off the edge and lower until the elbows bend to a right angle, then press back up.","Elbows point back, not out · Keep the hips close to the bench · Stop at ninety degrees",vertical_push,Triceps,Chest; front deltoids,Dip bars,https://www.youtube.com/watch?v=uZm3RYM25TI,reps,strength
bench_press_barbell,Bench Press (Barbell),"Lie on a flat bench and take a grip that puts the forearms vertical at the bottom. Unrack and hold the bar over the chest with locked arms. Lower under control until it touches mid-chest, pause, then press back up and squeeze the chest at the top.",Forearms roughly vertical at the bottom · lower about twice as slowly as you press · drive from the chest · keep the wrists stacked over the elbows,horizontal_push,Chest,Triceps; front deltoids,Barbell,https://www.youtube.com/watch?v=lJ2o89kcnxY,reps x weight,strength
bench_press_cable,Bench Press (Cable),,,horizontal_push,Chest,Triceps; front deltoids,Cable machine,,reps x weight,strength
bench_press_dumbbell,Bench Press (Dumbbell),,,horizontal_push,Chest,Triceps; front deltoids,Dumbbell,,reps x weight,strength
bench_press_smith_machine,Bench Press (Smith Machine),"Set the seat so the handles line up with the mid-chest. Press the handles forward until the arms are extended, then return under control to a stretch.","Adjust the seat so handles meet the mid-chest · keep the back against the pad · don't let the shoulders roll forward · control the return, don't let it slam",horizontal_push,Chest,Triceps; front deltoids,Smith machine,https://www.youtube.com/watch?v=sqNwDkUU_Ps,reps x weight,strength
bench_press_close_grip_barbell,Bench Press - Close Grip (Barbell),"Lie back on a flat bench and grip the bar at about shoulder width. Unrack it and hold it over your chest with arms locked. Lower the bar slowly to your lower chest with elbows tucked close to your sides, then press it back up until your arms lock out.",Grip about shoulder width · Tuck elbows to your sides · Push through your triceps,iso_triceps,Triceps,Front deltoids,Barbell,https://www.youtube.com/watch?v=DzA2xZhDGeo,reps x weight,strength
bench_press_wide_grip_barbell,Bench Press - Wide Grip (Barbell),"Lie on a flat bench with feet planted. Take a wide, overhand grip a few inches outside shoulder width and unrack the bar over your chest. Lower it to mid-chest with elbows flared out, then press back up to full lockout.",Grip a hand-width outside shoulders · Pin your shoulder blades back · Flare your elbows out · Lower to mid-chest,horizontal_push,Chest,Triceps; front deltoids,Barbell,https://www.youtube.com/watch?v=ApAEFcT8tiY,reps x weight,strength
bent_over_row_band,Bent Over Row (Band),,,horizontal_pull,Upper back,Biceps; rear deltoids; forearms,Resistance band,,reps,strength
bent_over_row_barbell,Bent Over Row (Barbell),,,horizontal_pull,Upper back,Biceps; rear deltoids; forearms,Barbell,,reps x weight,strength
bent_over_row_dumbbell,Bent Over Row (Dumbbell),"Hold a dumbbell in each hand and hinge forward at the waist, knees slightly bent, back flat until your torso is almost parallel to the floor. Let the dumbbells hang at arm's length. Row them up to your sides, squeezing your back, then lower under control.","Hinge to near parallel, back flat · Row the bells up to your sides",horizontal_pull,Upper back,Biceps; rear deltoids; forearms,Dumbbell,https://www.youtube.com/watch?v=6gvmcqr226U,reps x weight,strength
bicep_curl_barbell,Bicep Curl (Barbell),"Stand tall holding the bar with an underhand shoulder-width grip and elbows pinned to the sides. Curl to the shoulders by contracting the biceps, then lower under control.",Elbows stay pinned at the sides · no swinging or hip drive · squeeze at the top · lower slowly to a full stretch,iso_biceps,Biceps,Forearms,Barbell,https://www.youtube.com/watch?v=UfNLe7XbBQQ,reps x weight,strength
bicep_curl_cable,Bicep Curl (Cable),,,iso_biceps,Biceps,Forearms,Cable machine,,reps x weight,strength
bicep_curl_dumbbell,Bicep Curl (Dumbbell),"Stand upright with a dumbbell in each hand, arms at your sides and palms facing your thighs. Curl one dumbbell up while rotating your palm to face up, keeping the upper arm still. Lower it and repeat with the other arm.",Rotate palm up as you lift · Keep upper arms fixed · Alternate arms each rep,iso_biceps,Biceps,Forearms,Dumbbell,https://www.youtube.com/watch?v=Nzgxzfo6YPY,reps x weight,strength
bicep_curl_machine,Bicep Curl (Machine),,,iso_biceps,Biceps,Forearms,Machine,,reps x weight,strength
bicep_curl_suspension,Bicep Curl (Suspension),,,iso_biceps,Biceps,Forearms,Suspension trainer,,reps,strength
bicycle_crunch,Bicycle Crunch,"Lie on your back with hands lightly beside your head and lift your shoulders off the floor. Bring one knee toward your chest as you rotate the opposite elbow to meet it. Switch sides in a pedaling motion, extending the free leg out straight.",Twist elbow to opposite knee · Don't yank the neck · Fully straighten the free leg,core_rotation,Abdominals,Obliques; lower back,Bodyweight,https://www.youtube.com/watch?v=jKT7-9L935g,reps,strength
bicycle_crunch_raised_legs,Bicycle Crunch Raised Legs,,,core_rotation,Abdominals,Obliques; lower back,Bodyweight,,reps,strength
bird_dog,Bird Dog,,,hinge,Glutes,Hamstrings; lower back; adductors,Bodyweight,,reps,strength
box_jump,Box Jump,,,power_plyo,Quadriceps,Glutes; hamstrings; calves,Plyometric box or bench,,reps,strength
box_squat_barbell,Box Squat (Barbell),"Set a flat bench or box behind you and unrack a barbell across your upper back. Stand just in front of the bench with feet shoulder-width. Push your hips back and squat down until you lightly touch the bench, then drive through your heels to stand.","Push the hips back to the bench · Touch light, don't crash down · Drive up off the bench",squat,Quadriceps,Glutes; hamstrings; calves,Barbell,https://www.youtube.com/watch?v=Dl-Ao8U9YxI,reps x weight,strength
boxing,Boxing,,,cardio,Cardiovascular system,,Cardio equipment or open space,,timed,warmup/cooldown
bulgarian_split_squat,Bulgarian Split Squat,"Stand a stride in front of a bench and rest the top of the rear foot on it. Lower until the front thigh is parallel to the floor, then drive back up through the front heel.",Front shin near vertical · Rear foot on the bench · Drive through the front heel,squat,Quadriceps,Glutes; hamstrings; calves,Bodyweight,https://www.youtube.com/watch?v=aSJbKnDRIiQ,reps,strength
burpee,Burpee,,,power_plyo,Full body,Glutes; hamstrings; calves,Bodyweight,,reps,strength
burpee_over_the_bar,Burpee Over the Bar,,,power_plyo,Full body,Glutes; hamstrings; calves,Bodyweight,,reps,strength
butterfly_pec_deck,Butterfly (Pec Deck),,,iso_chest,Chest,Front deltoids; biceps,Bodyweight,,reps,strength
cable_core_palloff_press,Cable Core Palloff Press,,,core_flexion,Abdominals,Hip flexors; obliques,Cable machine,,reps x weight,strength
cable_crunch,Cable Crunch,"Kneel below a high pulley holding the rope by the head. Crunch down by flexing the spine and contracting the abs, bringing the elbows toward the thighs, then return under control.","Round the spine, flex, don't just hip-fold · keep the hips fixed · drive with the abs, not the arms · don't go so heavy the lower back takes over",core_flexion,Abdominals,Hip flexors; obliques,Cable machine,https://www.youtube.com/watch?v=kc0PRn372lo,reps x weight,strength
cable_fly_crossovers,Cable Fly Crossovers,,,iso_chest,Chest,Front deltoids; biceps,Cable machine,,reps x weight,strength
cable_pull_through,Cable Pull Through,,,hinge,Glutes,Hamstrings; lower back; adductors,Cable machine,,reps x weight,strength
cable_twist_down_to_up,Cable Twist (Down to up),,,core_rotation,Abdominals,Obliques; lower back,Cable machine,,reps x weight,strength
cable_twist_up_to_down,Cable Twist (Up to down),,,core_rotation,Abdominals,Obliques; lower back,Cable machine,,reps x weight,strength
calf_extension_machine,Calf Extension (Machine),,,iso_calf,Calves,,Machine,,reps x weight,strength
calf_press_machine,Calf Press (Machine),"Sit in the leg press and place just the balls of your feet on the lower edge of the platform, heels off. Release the safety bars and straighten your legs. Press the platform away by extending your ankles and squeezing the calves, then let your toes come back.","Balls of feet on the platform edge · Full stretch down, press onto the toes",iso_calf,Calves,,Machine,https://www.youtube.com/watch?v=p5dCqF7wWUw,reps x weight,strength
chest_dip,Chest Dip,"Support yourself on parallel bars with straight arms and a tall chest. Lower until the shoulders drop to elbow height, then press back up to a locked out top position.",Lower until shoulders reach elbow height · Elbows close to the body · Lock out at the top,vertical_push,Chest,Triceps; front deltoids,Dip bars,https://www.youtube.com/watch?v=U7HeutDqS_w,reps,strength
chest_dip_assisted,Chest Dip (Assisted),,,vertical_push,Chest,Triceps; front deltoids,Dip bars,,reps,strength
chest_dip_eccentric,Chest Dip (Eccentric),"Jump or step to the top of the parallel bars with straight arms. Lower yourself as slowly as you can until the shoulders reach elbow height, then step off and reset.",Three to five seconds down · Elbows stay close to the body · Step off and reset each rep,vertical_push,Triceps,Chest; front deltoids,Dip bars,https://www.youtube.com/watch?v=_po_lMeNcAQ,reps,strength
chest_dip_weighted,Chest Dip (Weighted),"Attach additional load with a dip belt or vest. Lower through a controlled full range, then press to locked arms without losing shoulder position.",Record added load only · Full depth · Elbows track back · Full lockout,vertical_push,Chest,Triceps; front deltoids,Dip bars; weight belt or vest,https://www.youtube.com/watch?v=UZ_kEpmACZ4,reps x weight,strength
chest_fly_band,Chest Fly (Band),,,iso_chest,Chest,Front deltoids; biceps,Resistance band,,reps,strength
chest_fly_dumbbell,Chest Fly (Dumbbell),,,iso_chest,Chest,Front deltoids; biceps,Dumbbell,,reps x weight,strength
chest_fly_machine,Chest Fly (Machine),,,iso_chest,Chest,Front deltoids; biceps,Machine,,reps x weight,strength
chest_fly_suspension,Chest Fly (Suspension),,,iso_chest,Chest,Front deltoids; biceps,Suspension trainer,,reps,strength
chest_press_band,Chest Press (Band),,,horizontal_push,Chest,Triceps; front deltoids,Resistance band,,reps,strength
chest_press_machine,Chest Press (Machine),,,horizontal_push,Chest,Triceps; front deltoids,Machine,,reps x weight,strength
chest_supported_incline_row_dumbbell,Chest Supported Incline Row (Dumbbell),"Set an incline bench and lie chest-down against it with a dumbbell in each hand, neutral grip, arms hanging straight. Squeeze your shoulder blades and row both dumbbells up by driving your elbows back. Squeeze at the top, then lower under control.",Keep your chest on the bench · squeeze your shoulder blades first · Drive the elbows back and up,horizontal_pull,Upper back,Biceps; rear deltoids; forearms,Dumbbell,https://www.youtube.com/watch?v=1shmqxxx-fQ,reps x weight,strength
chest_supported_reverse_fly_dumbbell,Chest Supported Reverse Fly (Dumbbell),,,iso_shoulder,Shoulders,Traps; rotator cuff,Dumbbell,,reps x weight,strength
chest_supported_y_raise_dumbbell,Chest Supported Y Raise (Dumbbell),,,iso_shoulder,Shoulders,Traps; rotator cuff,Dumbbell,,reps x weight,strength
chin_up,Chin Up,,,vertical_pull,Lats,Biceps; upper back; forearms,Pull-up bar,,reps,strength
chin_up_assisted,Chin Up (Assisted),,,vertical_pull,Lats,Biceps; upper back; forearms,Pull-up bar,,reps,strength
chin_up_one_arm,Chin Up (One Arm),Hang from one hand with a supinated grip and pull until the chin clears the bar. Keep the body from twisting and lower all the way down.,Chin fully over the bar · Resist the twist · Full straight arm at the bottom,vertical_pull,Lats,Biceps; upper back; forearms,Pull-up bar,https://www.youtube.com/watch?v=Nj1NvN7Te_s,reps,strength
chin_up_one_arm_half_range,"Chin Up (One Arm, Half Range)",Grip the bar with one hand in a supinated grip and pull through the top half of the range only. Lower under control and rest before the next rep.,Work the top half of the range · Supinated grip · Even work on both arms,vertical_pull,Lats,Biceps; upper back; forearms,Pull-up bar,https://www.youtube.com/watch?v=qkIp4kUG5w4,reps,strength
chin_up_one_arm_towel_assisted,"Chin Up (One Arm, Towel Assisted)",Hang a towel over the bar next to your working hand. Pull with one arm while the free hand grips the towel low and gives only light help.,Grip the towel as low as you can · Working arm does the work · Even sets on both sides,vertical_pull,Lats,Biceps; upper back; forearms,Pull-up bar,https://www.youtube.com/watch?v=LP99wdTXP_Q,reps,strength
chin_up_weighted,Chin Up (Weighted),,,vertical_pull,Lats,Biceps; upper back; forearms,Pull-up bar; weight belt or vest,,reps x weight,strength
clamshell,Clamshell,,,iso_glute,Glutes,Hamstrings; hip abductors,Bodyweight,,reps,strength
clap_push_ups,Clap Push Ups,,,horizontal_push,Chest,Triceps; front deltoids,Bodyweight,,reps,strength
clean,Clean,"Set up over a barbell with an overhand grip just outside your legs, hips down, back flat and chest up. Drive through the floor and extend your hips explosively, pulling the bar up your body. Shrug and drop under it to catch the bar racked on your shoulders.",Flat back off the floor · Bar brushes your thighs · Explode through the hips · Drop under to catch,power_olympic,Full body,Quadriceps; glutes; hamstrings; shoulders; traps,Barbell; Dumbbell,https://www.youtube.com/watch?v=21qTUlicEHI,reps x weight,strength
clean_and_jerk,Clean and Jerk,"Clean the bar to the shoulders, then dip slightly and drive it overhead with the legs, splitting or squatting under to catch it locked out. Stand to finish.","Full hip extension on both the clean and the jerk · drive the jerk with the legs, not the arms · punch under a locked-out bar · recover with control, feet in line",power_olympic,Full body,Quadriceps; glutes; hamstrings; shoulders; traps,Barbell,https://www.youtube.com/watch?v=zXs5KQMhsEg,reps x weight,strength
clean_and_press,Clean and Press,"Set up over a barbell with a overhand grip slightly wider than shoulder width, hips down and back flat. Explosively extend your hips to clean the bar to your shoulders. Brace your core and press the bar overhead until your arms lock out, then lower it back to your shoulders.",Explode hips to clean · Catch in the front rack · Brace before pressing · Lock out overhead,horizontal_push,Full body,Triceps; front deltoids,Barbell,https://www.youtube.com/watch?v=KCe8l86-alA,reps x weight,strength
clean_pull,Clean Pull,"Set up over a barbell with an overhand or hook grip just outside your legs, hips down, back flat and chest up. Push through the floor to lift the bar past your knees, then extend your hips, knees and ankles explosively. Shrug tall and let the bar rise without catching it.","Keep the bar close · Full extend the hips, knees and ankles · No early arm pull",power_olympic,Full body,Quadriceps; glutes; hamstrings; shoulders; traps,Barbell,https://www.youtube.com/watch?v=wZN6qYDUVuY,reps x weight,strength
climbing,Climbing,,,cardio,Cardiovascular system,,Cardio equipment or open space,,timed,warmup/cooldown
concentration_curl,Concentration Curl,,,iso_biceps,Biceps,Forearms,Bodyweight,,reps,strength
cross_body_hammer_curl,Cross Body Hammer Curl,"Stand tall with a dumbbell in each hand and palms facing in. Without rotating your wrist, curl one dumbbell up and across your body toward the opposite shoulder. Lower it back to your side and repeat with the other arm.","Curl across to the opposite shoulder · Neutral grip, no wrist twist",iso_biceps,Biceps,Forearms,Dumbbell,https://www.youtube.com/watch?v=fktCNgQiOjQ,reps x weight,strength
crunch,Crunch,,,core_flexion,Abdominals,Hip flexors; obliques,Bodyweight,,reps,strength
crunch_machine,Crunch (Machine),,,core_flexion,Abdominals,Hip flexors; obliques,Machine,,reps x weight,strength
crunch_weighted,Crunch (Weighted),,,core_flexion,Abdominals,Hip flexors; obliques,Bodyweight,,reps x weight,strength
curtsy_lunge_dumbbell,Curtsy Lunge (Dumbbell),,,lunge,Quadriceps,Glutes; hamstrings; calves,Dumbbell,,reps x weight,strength
cycling,Cycling,,,cardio,Cardiovascular system,,Cardio equipment or open space,,timed,warmup/cooldown
dead_bug,Dead Bug,"Lie on your back with arms reaching toward the ceiling and knees bent over your hips at 90 degrees. Press your lower back flat into the floor. Slowly lower one arm overhead and the opposite leg toward the floor, then return and switch sides.",Pin lower back to floor · Lower opposite arm and leg,core_anti_extension,Abdominals,Glutes; lower back,Bodyweight,https://www.youtube.com/watch?v=4XLEnwUr1d8,reps,strength
dead_hang,Dead Hang,,,horizontal_pull,Upper back,Biceps; rear deltoids; forearms,Pull-up bar,,timed,strength
deadlift_band,Deadlift (Band),,,hinge,Glutes,Hamstrings; lower back; adductors,Resistance band,,reps,strength
deadlift_barbell,Deadlift (Barbell),"Set the bar over the mid-foot, hip-width stance, and grip just outside the knees. Take the slack out, flatten the back and brace, then push the floor away and stand tall, dragging the bar up the legs to a locked-out finish.","Bar over the mid-foot, shins near the bar · flat back, chest up, lats tight · push the floor away rather than yanking · lock the hips and knees together at the top",hinge,Glutes,Hamstrings; lower back; adductors,Barbell,https://www.youtube.com/watch?v=5wGKjmq1uJ8,reps x weight,strength
deadlift_dumbbell,Deadlift (Dumbbell),,,hinge,Glutes,Hamstrings; lower back; adductors,Dumbbell,,reps x weight,strength
deadlift_smith_machine,Deadlift (Smith Machine),,,hinge,Glutes,Hamstrings; lower back; adductors,Smith machine,,reps x weight,strength
deadlift_trap_bar,Deadlift (Trap bar),"Stand in the center of a loaded trap bar and grip both handles. Lower your hips, lift your chest and look forward with a flat back. Push your feet through the floor to stand tall, driving with your legs, then hinge back down under control.","Stand centered in the bar · Push the floor away with your legs · Drive the knees, not just hips",hinge,Glutes,Hamstrings; lower back; adductors,Trap bar,https://www.youtube.com/watch?v=v709aJKv-gM,reps x weight,strength
deadlift_high_pull,Deadlift High Pull,,,full_body,Full body,,Bodyweight,,reps,strength
decline_bench_press_barbell,Decline Bench Press (Barbell),"On a decline bench with feet secured, unrack and hold the bar over the lower chest. Lower under control to the lower chest, then press back up and lock out.","Bar tracks to the lower chest · keep the shoulder blades squeezed · control down, drive up · keep the wrists stacked over the elbows",horizontal_push,Chest,Triceps; front deltoids,Barbell,https://www.youtube.com/watch?v=IqXtJnai1ik,reps x weight,strength
decline_bench_press_dumbbell,Decline Bench Press (Dumbbell),,,horizontal_push,Chest,Triceps; front deltoids,Dumbbell,,reps x weight,strength
decline_bench_press_machine,Decline Bench Press (Machine),"Set the seat so the handles line up with the mid-chest. Press the handles forward until the arms are extended, then return under control to a stretch.","Adjust the seat so handles meet the mid-chest · keep the back against the pad · don't let the shoulders roll forward · control the return, don't let it slam",horizontal_push,Chest,Triceps; front deltoids,Machine,https://www.youtube.com/watch?v=sqNwDkUU_Ps,reps x weight,strength
decline_bench_press_smith_machine,Decline Bench Press (Smith Machine),"Set a decline bench in a Smith machine and lie back so the bar sits over your lower chest. Take a overhand grip wider than shoulder width and unlock the bar. Lower it under control to your lower chest, then press it straight up and lock out.",Grip wider than shoulders · Lower to your lower chest,horizontal_push,Chest,Triceps; front deltoids,Smith machine,https://www.youtube.com/watch?v=AvHhETF8fWA,reps x weight,strength
decline_chest_fly_dumbbell,Decline Chest Fly (Dumbbell),,,iso_chest,Chest,Front deltoids; biceps,Dumbbell,,reps x weight,strength
decline_crunch,Decline Crunch,"Hook your legs at the top of a decline bench and lie back with your hands beside your head, elbows in. Press your lower back into the bench and curl your shoulders up toward your hips by flexing your abs. Squeeze, then lower under control.","Curl ribs toward your hips · Hands off the neck, elbows in · No swinging off the bench",core_flexion,Abdominals,Hip flexors; obliques,Bodyweight,https://www.youtube.com/watch?v=FRzQXeN1hro,reps,strength
decline_crunch_weighted,Decline Crunch (Weighted),,,core_flexion,Abdominals,Hip flexors; obliques,Bodyweight,,reps x weight,strength
decline_push_up,Decline Push Up,Place the feet on a box or bench with the hands on the floor. Lower the chest to the floor and press back up while keeping the hips from sagging.,Higher feet means more load · No sagging hips · Chest to the floor,horizontal_push,Chest,Triceps; front deltoids,Bodyweight,https://www.youtube.com/watch?v=DBz85WuXqMk,reps,strength
diamond_push_up,Diamond Push Up,Place the hands together under the chest so the thumbs and index fingers form a triangle. Lower with the elbows tucked and press back up.,Hands together under the chest · Elbows stay tucked · Stop if the wrists complain,horizontal_push,Triceps,Chest; front deltoids,Bodyweight,https://www.youtube.com/watch?v=Q6PHAI7rb4g,reps,strength
downward_dog,Downward Dog,,,mobility,Full body,,Bodyweight,,reps,stretching
drag_curl,Drag Curl,"Hold a barbell with a palms-up grip and elbows drawn back behind your torso. Curl the bar up while dragging it straight along your body, driving your elbows back so the bar stays close. Lower it down along the same path.",Drag the bar up your torso · Drive your elbows back · Stop at your lower chest,iso_biceps,Biceps,Forearms,Barbell,https://www.youtube.com/watch?v=cUJaw8aEa5g,reps x weight,strength
dragon_flag,Dragon Flag,,,core_flexion,Abdominals,Hip flexors; obliques,Bodyweight,,reps,strength
dragonfly,Dragonfly,,,core_flexion,Abdominals,Hip flexors; obliques,Bodyweight,,reps,strength
dumbbell_row,Dumbbell Row,"Hold a dumbbell in each hand and hinge forward at the waist, knees slightly bent, back flat until your torso is almost parallel to the floor. Let the dumbbells hang at arm's length. Row them up to your sides, squeezing your back, then lower under control.","Hinge to near parallel, back flat · Row the bells up to your sides",horizontal_pull,Lats,Biceps; rear deltoids; forearms,Dumbbell,https://www.youtube.com/watch?v=6gvmcqr226U,reps x weight,strength
dumbbell_snatch,Dumbbell Snatch,,,power_olympic,Full body,Quadriceps; glutes; hamstrings; shoulders; traps,Dumbbell,,reps x weight,strength
dumbbell_squeeze_press,Dumbbell Squeeze Press,,,horizontal_push,Chest,Triceps; front deltoids,Dumbbell,,reps x weight,strength
dumbbell_step_up,Dumbbell Step Up,,,lunge,Quadriceps,Glutes; hamstrings; calves,Dumbbell,,reps x weight,strength
elbow_to_knee,Elbow to Knee,"Lie on your back and cross one ankle over the opposite bent knee, hands behind your head. Flex your spine and rotate to bring the opposite elbow toward the crossed knee until your obliques squeeze. Lower under control, then switch legs and sides.","Bring elbow to the crossed knee · Rotate the torso, not the neck",core_flexion,Abdominals,Hip flexors; obliques,Bodyweight,https://www.youtube.com/watch?v=eDpkD4MQ19I,reps,strength
elliptical_trainer,Elliptical Trainer,"Step onto the pedals and take hold of the moving handles. Push down and around through the balls of your feet, driving each pedal through a smooth oval stride. Keep an upright posture and let your legs power the motion.","Drive the balls of your feet around the oval · Stand tall, don't lean on the handles",cardio,Cardiovascular system,,Elliptical trainer,https://www.youtube.com/watch?v=d39RwvdQZEk,timed,warmup/cooldown
ez_bar_biceps_curl,EZ Bar Biceps Curl,"Stand tall holding an EZ bar at the wide outer handles with palms facing forward and elbows close to your torso. Curl the bar up toward your shoulders by flexing the biceps, then lower it slowly back to a full stretch.",Grip the wide outer handles · Keep elbows close to your torso,iso_biceps,Biceps,Forearms,EZ bar,https://www.youtube.com/watch?v=mANRmIqemHY,reps x weight,strength
face_pull,Face Pull,"Set a rope on a high pulley and grab both ends with palms facing in. Pull the rope toward your face, separating your hands and flaring your elbows out until your hands reach your ears. Keep your upper arms parallel to the floor and lower under control.",Pull the rope to your forehead · Flare your elbows up and out · Split your hands at the finish,horizontal_pull,Shoulders,Biceps; rear deltoids; forearms,Cable machine,https://www.youtube.com/watch?v=w-RctWbFNGc,reps x weight,strength
farmers_walk,Farmers Walk,,,carry,Full body,Forearms; traps; abdominals; glutes,Bodyweight,,timed,strength
fire_hydrants,Fire Hydrants,,,iso_glute,Glutes,Hamstrings; hip abductors,Bodyweight,,reps,strength
floor_press_barbell,Floor Press (Barbell),,,horizontal_push,Chest,Triceps; front deltoids,Barbell,,reps x weight,strength
floor_press_dumbbell,Floor Press (Dumbbell),,,horizontal_push,Chest,Triceps; front deltoids,Dumbbell,,reps x weight,strength
floor_triceps_dip,Floor Triceps Dip,,,vertical_push,Triceps,Chest; front deltoids,Dip bars,,reps,strength
flutter_kicks,Flutter Kicks,"Lie facedown on a bench with your hips at the edge and hold the front for support. Straighten your legs so your toes hang off the floor. Squeeze your glutes to lift both legs, then alternate kicking each leg up and down in small, quick pulses without touching the floor.","Lift from the glutes, not the low back · Keep both legs straight and pulsing",core_flexion,Abdominals,Hip flexors; obliques,Bodyweight,https://www.youtube.com/watch?v=K5wuM_gNWyw,reps,strength
frog_jumps,Frog Jumps,,,power_plyo,Quadriceps,Glutes; hamstrings; calves,Bodyweight,,reps,strength
frog_pumps_dumbbell,Frog Pumps (Dumbbell),,,hinge,Glutes,Hamstrings; lower back; adductors,Dumbbell,,reps x weight,strength
front_lever_hold,Front Lever Hold,,,full_body,Full body,,Bar or gymnastic rings,,timed,strength
front_lever_hold_tuck,Front Lever Hold (Tuck),Hang from a bar and pull the knees to the chest while rotating back so the back faces the floor and the shins point forward. Hold with the arms straight.,Back parallel to the floor · Knees tight to the chest · Arms stay locked,horizontal_pull,Lats,Biceps; rear deltoids; forearms,Bar or gymnastic rings,https://www.youtube.com/watch?v=IFpELc7EdZY,timed,strength
front_lever_raise,Front Lever Raise,,,full_body,Full body,,Bar or gymnastic rings,,reps,strength
front_lever_row,Front Lever Row,Hold a full front lever with straight legs together and pull the chest to the bar. Lower to straight arms while holding the flat body line.,"Full lever, legs together · Body parallel to the floor · No hip pike",horizontal_pull,Lats,Biceps; rear deltoids; forearms,Bar or gymnastic rings,https://www.youtube.com/watch?v=5c5HwNSnj5U,reps,strength
front_lever_row_advanced_tuck,Front Lever Row (Advanced Tuck),Row while holding an advanced tuck front lever with the knees opened away from the chest and the hips high.,Open the tuck · Hips stay high · Pull the chest to the bar,horizontal_pull,Lats,Biceps; rear deltoids; forearms,Bar or gymnastic rings,https://www.youtube.com/watch?v=mpX5l2V2MnY,reps,strength
front_lever_row_one_leg,Front Lever Row (One Leg),Row from a front lever with one leg extended and the other tucked. Swap which leg extends between sets.,"One leg long, one tucked · Hips stay level · Even work on both sides",horizontal_pull,Lats,Biceps; rear deltoids; forearms,Bar or gymnastic rings,https://www.youtube.com/watch?v=iK78Q6NwH-Q,reps,strength
front_lever_row_straddle,Front Lever Row (Straddle),Hold a straddle front lever with the legs wide and row the chest toward the bar. Keep the body flat and the arms straight at the bottom.,Legs wide to lighten the lever · Body flat · Straight arms between reps,horizontal_pull,Lats,Biceps; rear deltoids; forearms,Bar or gymnastic rings,https://www.youtube.com/watch?v=vui6NkGu8pU,reps,strength
front_lever_row_tuck,Front Lever Row (Tuck),Hold a tuck front lever and pull the chest toward the bar while keeping the knees tucked and the back flat. Lower to straight arms without losing the shape.,Hold the tuck through the pull · Back stays parallel to the floor · Straight arms at the bottom,horizontal_pull,Lats,Biceps; rear deltoids; forearms,Bar or gymnastic rings,https://www.youtube.com/watch?v=VUe3M0iLPG0,reps,strength
front_raise_band,Front Raise (Band),,,iso_shoulder,Shoulders,Traps; rotator cuff,Resistance band,,reps,strength
front_raise_barbell,Front Raise (Barbell),,,iso_shoulder,Shoulders,Traps; rotator cuff,Barbell,,reps x weight,strength
front_raise_cable,Front Raise (Cable),"Face away from a low pulley gripping the single handle with one hand, arm hanging straight in front of your thigh. Raise the cable forward and up to shoulder height with a slight elbow bend. Lower it back down under control.",Raise to shoulder height · Don't lean back · Keep the cable taut,iso_shoulder,Shoulders,Traps; rotator cuff,Cable machine,https://www.youtube.com/watch?v=vtH93qBItdk,reps x weight,strength
front_raise_dumbbell,Front Raise (Dumbbell),"Sit against an incline bench set to 30 to 60 degrees, holding a dumbbell in each hand with arms straight down and palms facing back. Raise both arms forward to shoulder height. Lower them back down slowly.",Keep your back on the pad · Raise straight to the front,iso_shoulder,Shoulders,Traps; rotator cuff,Dumbbell,https://www.youtube.com/watch?v=AbdHWZuYo_A,reps x weight,strength
front_raise_suspension,Front Raise (Suspension),,,iso_shoulder,Shoulders,Traps; rotator cuff,Suspension trainer,,reps,strength
front_squat,Front Squat,"Rack the bar across the front of the shoulders with the elbows high, take a shoulder-width stance and brace. Sit straight down between the hips keeping the torso as upright as possible, then drive up through the mid-foot.","Elbows up, chest tall, don't let them drop · keep the torso vertical · sit between the hips, knees tracking over the toes · brace hard before each rep",squat,Quadriceps,Glutes; hamstrings; calves,Barbell,https://www.youtube.com/watch?v=Q1Ypb8ZNzI4,reps x weight,strength
full_squat,Full Squat,,,squat,Quadriceps,Glutes; hamstrings; calves,Bodyweight,,reps,strength
glute_bridge,Glute Bridge,,,hinge,Glutes,Hamstrings; lower back; adductors,Bodyweight,,reps,strength
glute_ham_raise,Glute Ham Raise,"Set your feet against the footplate between the rollers and lie facedown with your knees just behind the pad. Keep your back arched and body straight from knees to head. Lower your torso under control, then drive your toes into the plate and contract the hamstrings to pull back up.","Straight line, knees to head · Drive the toes into the plate · Control the descent",hinge,Hamstrings,Glutes; lower back; adductors,Machine,https://www.youtube.com/watch?v=Or4NJdZKLC8,reps x weight,strength
glute_kickback_machine,Glute Kickback (Machine),,,iso_glute,Glutes,Hamstrings; hip abductors,Machine,,reps x weight,strength
glute_kickback_on_floor,Glute Kickback on Floor,,,iso_glute,Glutes,Hamstrings; hip abductors,Bodyweight,,reps,strength
goblet_squat,Goblet Squat,"Hold a dumbbell or kettlebell vertically against the chest. Sit straight down between the hips until the elbows brush the inside of the knees, then stand back up tall.","Chest up, weight tight to the body · sit between the hips, heels flat · elbows inside the knees at the bottom · brace the core throughout",squat,Quadriceps,Glutes; hamstrings; calves,Kettlebell,https://www.youtube.com/watch?v=xRTMjjZ76GI,reps x weight,strength
good_morning_barbell,Good Morning (Barbell),,,hinge,Hamstrings,Glutes; lower back; adductors,Barbell,,reps x weight,strength
gorilla_row_kettlebell,Gorilla Row (Kettlebell),,,horizontal_pull,Upper back,Biceps; rear deltoids; forearms,Kettlebell,,reps x weight,strength
hack_squat,Hack Squat,"Set your shoulders and back against the pad with feet shoulder-width on the platform. Lower under control until the thighs are at least parallel, then press up through the heels without locking the knees hard.","Keep the whole back flat against the pad · knees track over the toes, don't cave in · control the descent · stop just short of locking the knees",squat,Quadriceps,Glutes; hamstrings; calves,Barbell; Machine,https://www.youtube.com/watch?v=rYgNArpwE7E,reps x weight,strength
hack_squat_machine,Hack Squat (Machine),,,squat,Quadriceps,Glutes; hamstrings; calves,Machine,,reps x weight,strength
hammer_curl_band,Hammer Curl (Band),,,iso_biceps,Biceps,Forearms,Resistance band,,reps,strength
hammer_curl_cable,Hammer Curl (Cable),,,iso_biceps,Biceps,Forearms,Cable machine,,reps x weight,strength
hammer_curl_dumbbell,Hammer Curl (Dumbbell),"Rest both upper arms on a preacher bench and hold a dumbbell in each hand with palms facing each other. Lower the dumbbells until your arms are fully extended, then curl them up until your biceps contract. Keep the neutral grip throughout.","Keep palms facing each other, no twist · Upper arms flat on the pad",iso_biceps,Biceps,Forearms,Dumbbell,https://www.youtube.com/watch?v=_37keawAZlg,reps x weight,strength
handstand_hold,Handstand Hold,,,full_body,Full body,,Bodyweight,,timed,skill work
handstand_push_up,Handstand Push Up,"Kick up to a wall handstand with the hands on parallettes or blocks. Lower until the head passes below the hands, then press all the way back to a locked out handstand.","Full range below the hands · Lock the elbows at the top · Keep the body straight, not arched",vertical_push,Shoulders,Triceps; upper chest,Bodyweight,https://www.youtube.com/watch?v=lkPPVyExFpU,reps,strength
handstand_push_up_freestanding,Handstand Push-Up (Freestanding),"Hold a freestanding handstand, lower to full depth, and press back to straight arms with no wall support. Correct the balance with the fingers through the whole rep.",No wall at any point · Full depth then full lockout · Keep the body line tight,vertical_push,Shoulders,Triceps; upper chest,Bodyweight,https://www.youtube.com/watch?v=w6ORorYVm70,reps,strength
hang_clean,Hang Clean,"Hold the bar at mid-thigh with a shoulder-width overhand or hook grip, back flat and torso leaning slightly forward. Aggressively extend the hips, knees, and ankles, then pull under the bar and catch it in a front-rack squat.",Lean the torso slightly over the bar · Triple-extend explosively · Keep the bar brushing the thighs · Snap elbows into the front rack,power_olympic,Full body,Quadriceps; glutes; hamstrings; shoulders; traps,Barbell,https://www.youtube.com/watch?v=WCdhjfg7fv4,reps x weight,strength
hang_snatch,Hang Snatch,"Take a wide overhand or hook grip with the bar at the hips, feet under the hips and turned out, spine extended and chest up. Violently extend the hips, knees, and ankles, then pull under and catch the bar overhead in a squat.","Take a wide grip at the hips · Keep the bar close on the pull · Extend hips, knees, and ankles · Punch under to lockout in a squat",power_olympic,Full body,Quadriceps; glutes; hamstrings; shoulders; traps,Barbell,https://www.youtube.com/watch?v=zxdfWgksUZY,reps x weight,strength
hanging_bent_leg_raise,Hanging Bent-Leg Raise,"From a hang, straighten the legs a little and lift the thighs above hip height. Tuck the pelvis at the top, then lower with control and stop any swing before the next rep.",Thighs above hip height · Tuck the pelvis at the top · Stay quiet on the bar,core_flexion,Abdominals,Hip flexors; obliques,Bodyweight,https://www.youtube.com/watch?v=v3awfKOFa4M,reps,strength
hanging_knee_raise,Hanging Knee Raise,Hang from a bar with straight arms and pull the shoulders down away from the ears. Lift the knees toward the chest and lower them under control without swinging.,Pull the shoulders down first · No swing · Lower slower than you lift,core_flexion,Abdominals,Hip flexors; obliques,Bodyweight,https://www.youtube.com/watch?v=RD_A-Z15ER4,reps,strength
hanging_leg_raise,Hanging Leg Raise,,,core_flexion,Abdominals,Hip flexors; obliques,Bodyweight,,reps,strength
hanging_straight_leg_raise,Hanging Straight-Leg Raise,Hang with straight legs together and lift them until they are at least parallel to the floor. Lower slowly and let the swing settle before starting the next rep.,Straight legs to horizontal or higher · Lower with control · Reset the swing between reps,core_flexion,Abdominals,Hip flexors; obliques,Bodyweight,https://www.youtube.com/watch?v=7FwGZ8qY5OU,reps,strength
headstand_push_up_freestanding,Headstand Push-Up (Freestanding),Kick up to a freestanding handstand and lower under control until the head touches the floor. Press back up while making small balance corrections with the fingers.,Balance with the fingertips · Lower under control · Bail to the side if you lose it,vertical_push,Shoulders,Triceps; upper chest,Bodyweight,https://www.youtube.com/watch?v=UpenGNGXETc,reps,strength
headstand_push_up_wall,Headstand Push-Up (Wall),Set up in a wall handstand and lower until the head touches the floor between the hands. Press back to straight arms while the wall keeps you upright.,Head and hands make a triangle · Press evenly with both arms · Keep the ribs down,vertical_push,Shoulders,Triceps; upper chest,Bodyweight,https://www.youtube.com/watch?v=7TDsXo4-taM,reps,strength
headstand_push_up_wall_eccentric,"Headstand Push-Up (Wall, Eccentric)","Kick up to a handstand with the heels on the wall. Lower slowly until the head touches the floor between the hands, then come down from the wall and reset instead of pressing back up.",Three to five seconds down · Head lands between the hands · Come off the wall to reset,vertical_push,Shoulders,Triceps; upper chest,Bodyweight,https://www.youtube.com/watch?v=glPLvcCwNyE,reps,strength
heel_taps,Heel Taps,"Lie on your back with knees bent, feet flat and shoulder-width apart, and arms extended at your sides. Crunch your torso up and to one side, reaching your hand toward that heel. Return to center, then bend to the other side and touch that heel.",Crunch to the side · Reach for your heel,core_flexion,Abdominals,Hip flexors; obliques,Bodyweight,https://www.youtube.com/watch?v=QkkINJhNHT0,reps,strength
hex_press_dumbbell,Hex Press (Dumbbell),,,horizontal_push,Chest,Triceps; front deltoids,Dumbbell,,reps x weight,strength
high_knee_skips,High Knee Skips,,,full_body,Full body,,Bodyweight,,reps,warmup/cooldown
high_knees,High Knees,,,full_body,Full body,,Bodyweight,,reps,warmup/cooldown
hiit,HIIT,,,cardio,Cardiovascular system,,Cardio equipment or open space,,timed,warmup/cooldown
hiking,Hiking,,,cardio,Cardiovascular system,,Cardio equipment or open space,,timed,warmup/cooldown
hip_abduction_machine,Hip Abduction (Machine),,,iso_glute,Hip abductors,Hamstrings; hip abductors,Machine,,reps x weight,strength
hip_adduction_machine,Hip Adduction (Machine),,,iso_glute,Hip adductors,Hamstrings; hip abductors,Machine,,reps x weight,strength
hip_thrust,Hip Thrust,,,hinge,Glutes,Hamstrings; lower back; adductors,Bodyweight,,reps,strength
hip_thrust_barbell,Hip Thrust (Barbell),"Sit with the upper back on a bench and the bar across the hips. Drive through the heels to lift the hips to a straight line from knees to shoulders, then lower under control.",Tuck the chin and keep the ribs down · drive through the heels · squeeze the glutes hard at lockout · don't hyperextend the lower back at the top,hinge,Glutes,Hamstrings; lower back; adductors,Barbell,https://www.youtube.com/watch?v=5S8SApGU_Lk,reps x weight,strength
hip_thrust_machine,Hip Thrust (Machine),,,hinge,Glutes,Hamstrings; lower back; adductors,Machine,,reps x weight,strength
hollow_rock,Hollow Rock,,,core_anti_extension,Abdominals,Glutes; lower back,Bodyweight,,reps,strength
incline_bench_press_barbell,Incline Bench Press (Barbell),"Lie back on an incline bench and grip the bar at medium width. Unrack it and hold it straight over your upper chest with arms locked. Lower the bar slowly to your upper chest, then drive it back up until your arms lock out.",Grip at medium width · Lower to your upper chest · Keep shoulder blades pinned,horizontal_push,Chest,Triceps; front deltoids,Barbell,https://www.youtube.com/watch?v=UFPZPkF1PDY,reps x weight,strength
incline_bench_press_dumbbell,Incline Bench Press (Dumbbell),"On a 30-45 degree incline, start with the dumbbells at the upper chest, palms forward. Press up and slightly together until the arms are extended, then lower under control to a full stretch.","Keep the shoulder blades pulled back and down · lower to a controlled stretch, don't bounce · elbows around 45 degrees, not flared to 90 · press in a slight arc toward the top",horizontal_push,Chest,Triceps; front deltoids,Dumbbell,https://www.youtube.com/watch?v=6tW4LUaOxlE,reps x weight,strength
incline_bench_press_smith_machine,Incline Bench Press (Smith Machine),"Set an incline bench under the Smith machine, with the bar set where your arms are almost fully extended. Lie back and grip slightly wider than shoulder width, then unrack. Lower the bar to your upper chest, then press up and slightly back to lockout.",Set the bar over upper chest · Grip just outside shoulders · Drive up and slightly back,horizontal_push,Chest,Triceps; front deltoids,Smith machine,https://www.youtube.com/watch?v=8urE8Z8AMQ4,reps x weight,strength
incline_chest_fly_dumbbell,Incline Chest Fly (Dumbbell),,,iso_chest,Chest,Front deltoids; biceps,Dumbbell,,reps x weight,strength
incline_chest_press_machine,Incline Chest Press (Machine),,,horizontal_push,Chest,Triceps; front deltoids,Machine,,reps x weight,strength
incline_push_ups,Incline Push Ups,"Put the hands on a bench, box or bar with the body in a straight line. Lower the chest to the surface and press back up, lowering the hand height as you get stronger.",Lower hands means harder · Straight line from head to heels · Chest touches each rep,horizontal_push,Chest,Triceps; front deltoids,Bodyweight,https://www.youtube.com/watch?v=yAbg3_pJKvw,reps,strength
inverted_row,Inverted Row,"Set up with the body fully parallel to the floor under the bar or rings. Pull the chest to the bar, pause, then lower to straight arms.",Body parallel to the floor · Pause at the top · No sagging hips,horizontal_pull,Upper back,Biceps; rear deltoids; forearms,Bar or gymnastic rings,https://www.youtube.com/watch?v=JqsuPc6-FDg,reps,strength
inverted_row_archer,Inverted Row (Archer),"From a horizontal row position, pull toward one hand while the other arm straightens out to the side. Alternate sides each rep.",Pull to one side at a time · Far arm straightens · Hips stay square,horizontal_pull,Middle Back,Biceps; rear deltoids; forearms,Bar or gymnastic rings,https://www.youtube.com/watch?v=WRMnf6ClD6k,reps,strength
inverted_row_bent_legs,Inverted Row (Bent Legs),"Hang under a bar with the knees bent and the feet flat on the floor. Pull the chest to the bar keeping the body in one line, then lower to straight arms.",Knees bent to lighten the load · Chest touches the bar · Hips stay up,horizontal_pull,Middle Back,Biceps; rear deltoids; forearms,Bar or gymnastic rings,https://www.youtube.com/watch?v=M3Tp_iDrKoc,reps,strength
inverted_row_feet_elevated,Inverted Row (Feet Elevated),Put the feet on a box so the body sits close to horizontal under the bar. Pull the chest to the bar and lower slowly without letting the hips drop.,Feet elevated to the bar height · Hips stay lifted · Chest to the bar each rep,horizontal_pull,Middle Back,Biceps; rear deltoids; forearms,Bar or gymnastic rings,https://www.youtube.com/watch?v=NeaONUgPfWk,reps,strength
inverted_row_incline,Inverted Row (Incline),"Set a bar or rings at chest height and hold on with the body almost upright. Walk the feet forward a little and pull the chest to the bar, then lower under control.",Body near upright · Pull the chest to the bar · Squeeze the shoulder blades,horizontal_pull,Middle Back,Biceps; rear deltoids; forearms,Bar or gymnastic rings,https://www.youtube.com/watch?v=0AsxBmXeOIo,reps,strength
inverted_row_one_arm,Inverted Row (One Arm),Set up horizontally under the bar and row with a single arm while the body stays rigid and square. Switch arms between sets.,One hand only · Resist the twist · Body stays parallel to the floor,horizontal_pull,Middle Back,Biceps; rear deltoids; forearms,Bar or gymnastic rings,https://www.youtube.com/watch?v=aoe2srzmUyA,reps,strength
inverted_row_one_arm_assisted,"Inverted Row (One Arm, Assisted)",Row horizontally with most of the load on one arm while the other hand gives light support on the bar or a strap. Switch sides between sets.,One arm does most of the work · Support hand stays light · Keep the hips square,horizontal_pull,Middle Back,Biceps; rear deltoids; forearms,Bar or gymnastic rings,https://www.youtube.com/watch?v=cox0_i8x7hc,reps,strength
inverted_row_straight_legs,Inverted Row (Straight Legs),Hang under the bar with straight legs and the heels on the floor at roughly forty five degrees. Pull the chest to the bar and lower with control.,"Straight legs, heels down · One line from head to heels · Full arm extension at the bottom",horizontal_pull,Middle Back,Biceps; rear deltoids; forearms,Bar or gymnastic rings,https://www.youtube.com/watch?v=9fItzuh9Iok,reps,strength
inverted_row_weighted,Inverted Row (Weighted),"Add external load with a vest or plates while keeping the body rigid. Pull the chest to the bar or rings, then lower to straight arms.",Record added load only · Body angle stays fixed · Chest reaches the hands · Control the descent,horizontal_pull,Middle Back,Biceps; rear deltoids; forearms,Bar or gymnastic rings; weight vest or plates,https://www.youtube.com/watch?v=EfElq5QuFfk,reps x weight,strength
inverted_row_wide_grip,Inverted Row (Wide Grip),Row from the horizontal position with the hands set wider than shoulder width. Pull the chest to the bar and squeeze the shoulder blades together at the top.,Wider grip loads the upper back · Squeeze the shoulder blades · Keep the body flat,horizontal_pull,Middle Back,Biceps; rear deltoids; forearms,Bar or gymnastic rings,https://www.youtube.com/watch?v=8XLoq0GHktQ,reps,strength
iso_lateral_chest_press_machine,Iso-Lateral Chest Press (Machine),,,horizontal_push,Chest,Triceps; front deltoids,Machine,,reps x weight,strength
iso_lateral_high_row_machine,Iso-Lateral High Row (Machine),,,horizontal_pull,Lats,Biceps; rear deltoids; forearms,Machine,,reps x weight,strength
iso_lateral_low_row,Iso-Lateral Low Row,,,horizontal_pull,Upper back,Biceps; rear deltoids; forearms,Bodyweight,,reps,strength
iso_lateral_row_machine,Iso-Lateral Row (Machine),,,horizontal_pull,Upper back,Biceps; rear deltoids; forearms,Machine,,reps x weight,strength
jack_knife_suspension,Jack Knife (Suspension),,,core_flexion,Abdominals,Hip flexors; obliques,Suspension trainer,,reps,strength
jackknife_sit_up,Jackknife Sit Up,"Lie flat with your arms extended overhead and legs straight. Exhale and raise your legs and torso at the same time, reaching your hands toward your feet so your body forms a V. Lower your arms and legs back down under control.","Raise legs and torso as one · Keep legs straight, not bent · Meet hands to feet up top",core_flexion,Abdominals,Hip flexors; obliques,Bodyweight,https://www.youtube.com/watch?v=MRfVqjfKKUo,reps,strength
jm_press_barbell,JM Press (Barbell),,,iso_triceps,Triceps,Front deltoids,Barbell,,reps x weight,strength
jump_rope,Jump Rope,,,cardio,Cardiovascular system,,Jump rope,,timed,warmup/cooldown
jump_shrug,Jump Shrug,,,power_plyo,Full body,Glutes; hamstrings; calves,Bodyweight,,reps,strength
jump_squat,Jump Squat,,,power_plyo,Quadriceps,Glutes; hamstrings; calves,Bodyweight,,reps,strength
jumping_jack,Jumping Jack,,,power_plyo,Full body,Glutes; hamstrings; calves,Bodyweight,,reps,warmup/cooldown
jumping_lunge,Jumping Lunge,"Drop into a lunge with the front knee bent over your foot and the rear knee nearly touching the floor. Extend explosively through both legs to jump as high as you can, swinging the arms up. Land softly back in the lunge and absorb through both legs.",Drop into a deep lunge · Front knee stacked over the foot · Explode up through both legs · Land back in the lunge,power_plyo,Quadriceps,Glutes; hamstrings; calves,Bodyweight,https://www.youtube.com/watch?v=LMkQHNtMsmA,reps,strength
kettlebell_clean,Kettlebell Clean,"Place a kettlebell between your feet, push your hips back, and grip it one-handed with eyes forward. Extend through the legs and hips to pull the bell up, rotating your hand around it to catch cleanly at the shoulder. Lower and repeat.","Keep the bell tight to the body · Wrap the rack, don't bang it",power_olympic,Full body,Quadriceps; glutes; hamstrings; shoulders; traps,Kettlebell,https://www.youtube.com/watch?v=rxv0d1ZOq3c,reps x weight,strength
kettlebell_curl,Kettlebell Curl,,,iso_biceps,Biceps,Forearms,Kettlebell,,reps x weight,strength
kettlebell_goblet_squat,Kettlebell Goblet Squat,,,squat,Quadriceps,Glutes; hamstrings; calves,Kettlebell,,reps x weight,strength
kettlebell_high_pull,Kettlebell High Pull,"Stand in a wide sumo stance with a kettlebell between your feet and grip it with both hands, hips set back and chest up. Drive through your legs and hips to pull the kettlebell explosively up to chest height, leading with high elbows. Lower it back between your legs.","Drive through legs and hips · Explode the bell to chest height · Lead with high elbows · Keep your chest up, back flat",full_body,Full body,,Kettlebell,https://www.youtube.com/watch?v=HnAzcuwSO8g,reps x weight,strength
kettlebell_shoulder_press,Kettlebell Shoulder Press,,,vertical_push,Shoulders,Triceps; upper chest,Kettlebell,,reps x weight,strength
kettlebell_snatch,Kettlebell Snatch,"Set a kettlebell between your feet, bend the knees, and sit the hips back with eyes forward. Swing the bell back between your legs, then reverse hard and drive through the hips to punch it straight to lockout overhead in one motion.",Drive the swing with the hips · Keep the bell close on the way up · Spear the hand through at lockout,power_olympic,Full body,Quadriceps; glutes; hamstrings; shoulders; traps,Kettlebell,https://www.youtube.com/watch?v=6l2Iu26oWW8,reps x weight,strength
kettlebell_swing,Kettlebell Swing,,,full_body,Full body,,Kettlebell,,reps x weight,strength
kettlebell_turkish_get_up,Kettlebell Turkish Get Up,"Lie on your back and press one kettlebell to a locked-out arm above your shoulder. Keeping the elbow locked and eyes on the bell, rise to your feet through a series of controlled steps. Stand fully, then reverse each step back to the floor.",Press the bell to a locked arm · Keep the elbow locked throughout · Keep your eyes on the bell · Rise and reverse one step at a time,full_body,Full body,,Kettlebell,https://www.youtube.com/watch?v=eez_eneSDsw,reps x weight,strength
kipping_pull_up,Kipping Pull Up,,,vertical_pull,Lats,Biceps; upper back; forearms,Pull-up bar,,reps,strength
knee_raise_parallel_bars,Knee Raise Parallel Bars,"Support yourself on the raise station with your forearms on the pads and back against the rest, legs hanging straight down. Raise your knees up toward your chest by curling your hips and contracting your abs. Lower them slowly to the hang.","Curl your hips under, not just knees · Keep your legs from swinging",core_flexion,Abdominals,Hip flexors; obliques,Other,https://www.youtube.com/watch?v=2QLm7eVRtbM,reps,strength
kneeling_pulldown_band,Kneeling Pulldown (band),,,vertical_pull,Lats,Biceps; upper back; forearms,Resistance band,,reps,strength
kneeling_push_up,Kneeling Push Up,,,horizontal_push,Chest,Triceps; front deltoids,Bodyweight,,reps,strength
l_sit_hold,L-Sit Hold,"Support on parallettes or bars with straight arms, then lift straight legs until they are parallel to the floor. Point the toes and hold with the shoulders pushed away from the ears.",Legs straight and parallel to the floor · Toes pointed · Shoulders pushed down,core_flexion,Abdominals,Hip flexors; obliques,Bodyweight,https://www.youtube.com/watch?v=6E5GGqlgX9U,timed,skill work
l_sit_hold_advanced_tuck,L-Sit Hold (Advanced Tuck),"From the tuck position, open the knees to roughly a right angle so the thighs move away from the chest. Hold with a flat back and the hips level with the shoulders.",Open the tuck to ninety degrees · Keep the back flat · Hips level with the shoulders,core_flexion,Abdominals,Hip flexors; obliques,Bodyweight,https://www.youtube.com/watch?v=dAUpPkDgYRg,timed,skill work
l_sit_hold_foot_supported,L-Sit Hold (Foot-Supported),Sit with straight legs and press your hands into the floor or parallettes beside the hips. Push the shoulders down and lift the body so the heels rest lightly on the ground and carry almost no weight.,"Push the floor away · Heels light, not loaded · Straight arms throughout",core_flexion,Abdominals,Hip flexors; obliques,Bodyweight,https://www.youtube.com/watch?v=cMNVkXW-2aI,timed,skill work
l_sit_hold_straddle,L-Sit Hold (Straddle),Hold an L-sit and open the legs into a wide straddle. Keep both legs at hip height or higher and press the shoulders down for the whole hold.,Open the legs wide · Keep them level or higher · Straight knees,core_flexion,Abdominals,Hip flexors; obliques,Bodyweight,https://www.youtube.com/watch?v=YgEWVZ3DsM8,timed,skill work
l_sit_hold_tuck,L-Sit Hold (Tuck),Support yourself on parallettes or bars with straight arms and pull both knees tightly to the chest. Hold with the shoulders pressed down and the hips lifted clear of the floor.,"Knees tight to the chest · Shoulders pressed down · Lift the hips, do not hang",core_flexion,Abdominals,Hip flexors; obliques,Bodyweight,https://www.youtube.com/watch?v=VhqEdeeAyvg,timed,skill work
landmine_180,Landmine 180,,,core_flexion,Abdominals,Hip flexors; obliques,Barbell and landmine attachment,,reps x weight,strength
landmine_row,Landmine Row,,,horizontal_pull,Upper back,Biceps; rear deltoids; forearms,Barbell and landmine attachment,,reps x weight,strength
landmine_squat_and_press,Landmine Squat and Press,,,horizontal_push,Full body,Triceps; front deltoids,Barbell and landmine attachment,,reps x weight,strength
lat_pulldown_band,Lat Pulldown (Band),,,vertical_pull,Lats,Biceps; upper back; forearms,Resistance band,,reps,strength
lat_pulldown_cable,Lat Pulldown (Cable),,,vertical_pull,Lats,Biceps; upper back; forearms,Cable machine,,reps x weight,strength
lat_pulldown_machine,Lat Pulldown (Machine),,,vertical_pull,Lats,Biceps; upper back; forearms,Machine,,reps x weight,strength
lat_pulldown_close_grip_cable,Lat Pulldown - Close Grip (Cable),,,vertical_pull,Lats,Biceps; upper back; forearms,Cable machine,,reps x weight,strength
lateral_band_walks,Lateral Band Walks,,,hinge,Glutes,Hamstrings; lower back; adductors,Resistance band,,reps,strength
lateral_box_jump,Lateral Box Jump,"Stand tall beside a short box with feet hip-width. Dip quickly into a quarter squat to load, then explode up and sideways to land on top of the box. Absorb softly in a partial squat with both feet, then step down and reset on the other side.","Quick dip, jump sideways · Land balanced on the box · Step down, don't jump down",power_plyo,Quadriceps,Glutes; hamstrings; calves,Plyometric box or bench,https://www.youtube.com/watch?v=9TOUyNjB-kM,reps,strength
lateral_leg_raises,Lateral Leg Raises,,,hinge,Glutes,Hamstrings; lower back; adductors,Bodyweight,,reps,strength
lateral_lunge,Lateral Lunge,,,lunge,Quadriceps,Glutes; hamstrings; calves,Bodyweight,,reps,strength
lateral_raise_band,Lateral Raise (Band),,,iso_shoulder,Shoulders,Traps; rotator cuff,Resistance band,,reps,strength
lateral_raise_cable,Lateral Raise (Cable),"Place a flat bench between two opposing low pulleys and sit on it. Grab each handle with the opposite hand so the cables cross under your knees. Raise both handles out to your sides to shoulder height, then lower slowly against the tension.",Cross the cables under your knees · Raise out to shoulder height,iso_shoulder,Shoulders,Traps; rotator cuff,Cable machine,https://www.youtube.com/watch?v=xDrYB81QXmY,reps x weight,strength
lateral_raise_dumbbell,Lateral Raise (Dumbbell),,,iso_shoulder,Shoulders,Traps; rotator cuff,Dumbbell,,reps x weight,strength
lateral_raise_machine,Lateral Raise (Machine),,,iso_shoulder,Shoulders,Traps; rotator cuff,Machine,,reps x weight,strength
lateral_squat,Lateral Squat,,,squat,Quadriceps,Glutes; hamstrings; calves,Bodyweight,,reps,strength
leg_extension_machine,Leg Extension (Machine),,,iso_quad,Quadriceps,Hip flexors,Machine,,reps x weight,strength
leg_press_machine,Leg Press (Machine),,,squat,Quadriceps,Glutes; hamstrings; calves,Machine,,reps x weight,strength
leg_press_horizontal_machine,Leg Press Horizontal (Machine),,,squat,Quadriceps,Glutes; hamstrings; calves,Machine,,reps x weight,strength
leg_raise_parallel_bars,Leg Raise Parallel Bars,,,core_flexion,Abdominals,Hip flexors; obliques,Bodyweight,,reps,strength
low_cable_fly_crossovers,Low Cable Fly Crossovers,,,iso_chest,Chest,Front deltoids; biceps,Cable machine,,reps x weight,strength
low_row_suspension,Low Row (Suspension),,,horizontal_pull,Upper back,Biceps; rear deltoids; forearms,Suspension trainer,,reps,strength
lunge,Lunge,,,lunge,Quadriceps,Glutes; hamstrings; calves,Bodyweight,,reps,strength
lunge_barbell,Lunge (Barbell),"With the bar on the upper back, step forward and lower until the back knee is just off the floor and the front thigh is parallel. Drive through the front heel back to standing.","Torso upright, core braced · front knee stays over the foot, not past the toes · drive through the front heel · control the descent, don't drop",lunge,Quadriceps,Glutes; hamstrings; calves,Barbell,https://www.youtube.com/watch?v=7LWvWiMLS3M,reps x weight,strength
lunge_dumbbell,Lunge (Dumbbell),,,lunge,Quadriceps,Glutes; hamstrings; calves,Dumbbell,,reps x weight,strength
lying_bent_leg_raise,Lying Bent-Leg Raise,"Lie on your back and extend the shins so the legs are only slightly bent. Raise them until the hips are fully flexed, then lower under control with the lower back pinned down.","Longer lever, same flat back · Control the lowering · Shorten the range if the back lifts",core_flexion,Abdominals,Hip flexors; obliques,Bodyweight,https://www.youtube.com/watch?v=3J9JKKDHhT4,reps,strength
lying_knee_raise,Lying Knee Raise,"Lie on your back with the hands beside the hips and press the lower back into the floor. Draw the knees toward the chest, then lower them slowly without letting the back arch.",Low back stays flat · Slow on the way down · Stop before the back lifts,core_flexion,Abdominals,Hip flexors; obliques,Bodyweight,https://www.youtube.com/watch?v=aK8Rm_tv3WM,reps,strength
lying_leg_curl_machine,Lying Leg Curl (Machine),,,iso_hamstring,Hamstrings,Glutes; calves,Machine,,reps x weight,strength
lying_leg_raise,Lying Leg Raise,,,core_flexion,Abdominals,Hip flexors; obliques,Bodyweight,,reps,strength
lying_neck_curls,Lying Neck Curls,,,iso_neck,Neck,,Bodyweight,,reps,strength
lying_neck_curls_weighted,Lying Neck Curls (Weighted),,,iso_neck,Neck,,Bodyweight,,reps x weight,strength
lying_neck_extension,Lying Neck Extension,,,iso_neck,Neck,,Bodyweight,,reps,strength
lying_neck_extension_weighted,Lying Neck Extension (Weighted),,,iso_neck,Neck,,Bodyweight,,reps x weight,strength
lying_straight_leg_raise,Lying Straight-Leg Raise,"Lie flat with straight legs held together. Lift them until they point at the ceiling, then lower slowly until the heels hover just above the floor with the back still flat.",Straight knees · Heels stop just off the floor · Keep the back flat all set,core_flexion,Abdominals,Hip flexors; obliques,Bodyweight,https://www.youtube.com/watch?v=Zr-PtqcpeWM,reps,strength
meadows_rows_barbell,Meadows Rows (Barbell),,,horizontal_pull,Upper back,Biceps; rear deltoids; forearms,Barbell,,reps x weight,strength
mountain_climber,Mountain Climber,,,full_body,Full body,,Bodyweight,,reps,strength
muscle_up,Muscle Up,Pull explosively until the bar or rings reach the lower chest. Roll the shoulders forward over the top and press out to a locked support with no leg swing.,"Pull to the lower chest, not the chin · Lean over the bar at the transition · No kip",vertical_pull,Full body,Biceps; upper back; forearms,Bodyweight,https://www.youtube.com/watch?v=gryO72_xB8w,reps,strength
muscle_up_eccentric,Muscle Up (Eccentric),Start at the top in a straight arm support and lower slowly through the transition until you finish in a hang. Take the transition as slowly as you can control it.,Slowest through the transition · Keep the rings or bar close · Finish in a full hang,vertical_pull,Lats,Biceps; upper back; forearms,Other,https://www.youtube.com/watch?v=OIKdQmjHsak,reps,strength
muscle_up_kipping,Muscle Up (Kipping),"From a hang, swing the legs forward and drive the hips up while pulling the bar toward the waist. Roll the shoulders over the top and press out to a straight arm support.",Time the hip drive with the pull · Roll the shoulders forward early · Finish with straight arms,vertical_pull,Lats,Biceps; upper back; forearms,Bodyweight,https://www.youtube.com/watch?v=OCg3UXgzftc,reps,strength
negative_pull_up,Negative Pull Up,"Jump or step so your chin starts above the bar. Lower yourself for three to five seconds until the arms are straight, then step down and reset for the next rep.",Three to five seconds down · Finish with straight arms · Step down and reset each rep,vertical_pull,Lats,Biceps; upper back; forearms,Pull-up bar,https://www.youtube.com/watch?v=zr_NfZk1O4w,reps,strength
nordic_hamstrings_curls,Nordic Hamstrings Curls,"Anchor the heels under a bar or have a partner hold them. Keep the hips straight and lower the body toward the floor as slowly as you can, catching with the hands.","Hips stay open, not folded · Lower as slowly as possible · Catch with the hands",hinge,Hamstrings,Glutes; lower back; adductors,Bodyweight,https://www.youtube.com/watch?v=yilP4ns5gNc,reps,strength
oblique_crunch,Oblique Crunch,,,core_flexion,Abdominals,Hip flexors; obliques,Bodyweight,,reps,strength
one_arm_push_up,One Arm Push Up,Set the feet wide and put one hand under the chest with the other behind the back. Lower the chest to the floor and press up while keeping the hips square.,Feet wide for balance · Hips stay square to the floor · Chest touches the floor,horizontal_push,Chest,Triceps; front deltoids,Bodyweight,https://www.youtube.com/watch?v=JiHkxqbhNuw,reps,strength
one_arm_one_leg_plank,One-Arm One-Leg Plank,"From a forearm plank, lift one arm and the opposite leg a few inches off the floor. Hold without letting the hips rotate, then set them down and switch sides.",Lift opposite arm and leg · Keep the hips square to the floor · Short strict holds,core_anti_extension,Abdominals,Glutes; lower back,Bodyweight,https://www.youtube.com/watch?v=8T_LhlSK8Po,timed,strength
overhead_curl_cable,Overhead Curl (Cable),"Set both pulleys high and grab a handle in each hand. Stand tall between them with arms extended out at shoulder height, palms up. Curl both hands toward your ears until your biceps peak, then straighten your arms back out.",Keep elbows high at shoulder level · Curl your knuckles toward your ears · Move only the forearms,iso_biceps,Biceps,Forearms,Cable machine,https://www.youtube.com/watch?v=S7IBBKqWqog,reps x weight,strength
overhead_dumbbell_lunge,Overhead Dumbbell Lunge,,,lunge,Quadriceps,Glutes; hamstrings; calves,Dumbbell,,reps x weight,strength
overhead_press_barbell,Overhead Press (Barbell),,,vertical_push,Shoulders,Triceps; upper chest,Barbell,,reps x weight,strength
overhead_press_dumbbell,Overhead Press (Dumbbell),,,vertical_push,Shoulders,Triceps; upper chest,Dumbbell,,reps x weight,strength
overhead_press_smith_machine,Overhead Press (Smith Machine),Set a bench with back support under the Smith bar and sit so the bar sits just above your shoulders. Unrack it with a overhand grip and press the bar straight up until your arms extend. Lower under control to the top of your chest.,Follow the fixed bar path up · Lower the bar to upper chest,vertical_push,Shoulders,Triceps; upper chest,Smith machine,https://www.youtube.com/watch?v=b5v5za6q-xY,reps x weight,strength
overhead_squat,Overhead Squat,"Take a wide snatch grip and press the barbell to full lockout overhead, feet slightly wider than the shoulders. Push the bar back so it sits over your midfoot. Squat down as deep as mobility allows while keeping the bar overhead, then drive up.","Wide snatch grip, elbows locked · Keep the bar over midfoot · Actively push the bar up · Squat deep, bar stays back",full_body,Full body,,Barbell,https://www.youtube.com/watch?v=oGV21KvorfM,reps x weight,strength
pause_squat_barbell,Pause Squat (Barbell),,,squat,Quadriceps,Glutes; hamstrings; calves,Barbell,,reps x weight,strength
pendlay_row_barbell,Pendlay Row (Barbell),,,horizontal_pull,Upper back,Biceps; rear deltoids; forearms,Barbell,,reps x weight,strength
pendulum_squat_machine,Pendulum Squat (Machine),,,squat,Quadriceps,Glutes; hamstrings; calves,Machine,,reps x weight,strength
pike_push_up_feet_elevated,Pike Push-Up (Feet Elevated),Put the feet on a box so the hips stack higher over the shoulders. Lower the head toward the floor between the hands and press back up with the elbows tracking forward.,Higher box means more vertical load · Stack the hips over the shoulders · Head between the hands,vertical_push,Shoulders,Triceps; upper chest,Bodyweight,https://www.youtube.com/watch?v=iEn2EdmP4V4,reps,strength
pike_pushup,Pike Pushup,"Start in a pushup position and walk the feet in so the hips lift high and the body makes an upside down V. Bend the elbows to lower the crown of the head toward the floor, then press back up.","Hips high, body in a V · Head lowers between the hands · Elbows track forward",vertical_push,Shoulders,Triceps; upper chest,Bodyweight,https://www.youtube.com/watch?v=x7_I5SUAd00,reps,strength
pilates,Pilates,,,mobility,Full body,,Bodyweight,,timed,warmup/cooldown
pinwheel_curl_dumbbell,Pinwheel Curl (Dumbbell),,,iso_biceps,Biceps,Forearms,Dumbbell,,reps x weight,strength
pistol_squat,Pistol Squat,Stand on one leg with the other held straight out in front. Lower all the way to the bottom and stand back up with no support and no bouncing.,Full depth on one leg · Free leg never touches · Heel stays flat,squat,Quadriceps,Glutes; hamstrings; calves,Bodyweight,https://www.youtube.com/watch?v=JUWeSv0RkLs,reps,strength
pistol_squat_box,Pistol Squat (Box),"Stand on one leg in front of a box, hold the free leg forward, and lower until the hips lightly touch the box before standing on the same leg. Reduce box height as strength improves.",Touch rather than sit · Knee tracks over toes · Free foot stays clear · No rocking for momentum,squat,Quadriceps,Glutes; hamstrings; calves,Plyometric box or bench,https://www.youtube.com/watch?v=ECrpZpgi9f4,reps,strength
pistol_squat_counterweighted,Pistol Squat (Counterweighted),Hold a light plate or dumbbell out in front of the chest to balance the load. Lower on one leg to the bottom and stand back up.,Counterweight helps balance · Free leg straight in front · Drop the weight as balance improves,squat,Quadriceps,Glutes; hamstrings; calves,Dumbbell,https://www.youtube.com/watch?v=5pl6zRmDYlc,reps x weight,strength
planche,Planche,Hold the body horizontal with the legs together and the arms locked straight. The whole body stays in one line parallel to the floor.,Legs together and straight · Body parallel to the floor · Push down hard through the whole hold,horizontal_push,Shoulders,Triceps; front deltoids,Bodyweight,https://www.youtube.com/watch?v=8FFZKmBM4k4,timed,skill work
planche_advanced_tuck,Planche (Advanced Tuck),"From the tuck planche, open the knees so the thighs move away from the chest and flatten the back. Hold with the hips level and the arms locked straight.","Open the tuck, flatten the back · Hips level with the shoulders · Keep pushing the floor away",horizontal_push,Shoulders,Triceps; front deltoids,Bodyweight,https://www.youtube.com/watch?v=LDa0pWuGQ5E,timed,skill work
planche_straddle,Planche (Straddle),Hold a straight-arm planche with the legs separated to shorten the lever. Keep the body horizontal and gradually narrow the straddle as strength improves.,Arms locked · Hips level with shoulders · No piking · Point the toes,horizontal_push,Shoulders,Triceps; front deltoids,Bodyweight,https://www.youtube.com/watch?v=MV-Kgy8_50c,timed,skill work
planche_tuck,Planche (Tuck),"Support on the floor or parallettes with straight arms, lean forward, and pull both knees to the chest with the hips lifted to shoulder height. Hold with a rounded upper back.",Hips up to shoulder height · Knees tight to the chest · Round the upper back and push down,horizontal_push,Shoulders,Triceps; front deltoids,Bodyweight,https://www.youtube.com/watch?v=jAV7r2d8zQM,timed,skill work
planche_lean,Planche Lean,Start in a straight-arm push-up position with the hands slightly turned out. Lean the shoulders forward past the wrists while keeping the body rigid and the shoulder blades protracted.,Arms locked · Shoulders ahead of wrists · Push the floor away · No hip sag,horizontal_push,Shoulders,Triceps; front deltoids,Bodyweight,https://www.youtube.com/watch?v=iZ03RYvjjmE,timed,skill work
planche_lean_tuck,Planche Lean (Tuck),Hold a deep planche lean and lift one knee at a time toward the chest so both feet leave the floor briefly. Keep the shoulders forward and the arms locked.,"Lean first, then tuck · Both feet leave the floor · Arms stay straight",horizontal_push,Shoulders,Triceps; front deltoids,Bodyweight,https://www.youtube.com/watch?v=0l4TirVnK7M,timed,skill work
planche_push_up,Planche Push-Up,Hold a full planche with the legs together and the body horizontal. Lower the chest toward the floor and press back to straight arms with the feet never touching down.,Legs together and straight · Body parallel to the floor · Feet never touch,horizontal_push,Shoulders,Triceps; front deltoids,Bodyweight,https://www.youtube.com/watch?v=tdvYjyuRSE4,reps,strength
planche_push_up_advanced_tuck,Planche Push-Up (Advanced Tuck),Hold an advanced tuck planche with the back flat and the knees away from the chest. Lower under control and press back up while keeping the hips level.,Flat back throughout · Hips level with the shoulders · Stop the set when the tuck closes,horizontal_push,Shoulders,Triceps; front deltoids,Bodyweight,https://www.youtube.com/watch?v=hxmqiYCamIg,reps,strength
planche_push_up_straddle,Planche Push-Up (Straddle),"Hold a straddle planche with the legs wide and the body horizontal. Bend the arms to lower, then press back to straight arms without dropping the hips.",Legs wide to shorten the lever · Body stays parallel to the floor · Full lockout at the top,horizontal_push,Shoulders,Triceps; front deltoids,Bodyweight,https://www.youtube.com/watch?v=vVJcZv6zHV8,reps,strength
planche_push_up_tuck,Planche Push-Up (Tuck),"Hold a tuck planche with the knees at the chest and the hips high. Bend the arms to lower the chest, then press back up without letting the feet touch down.",Feet never touch the floor · Hips stay high · Short sets,horizontal_push,Shoulders,Triceps; front deltoids,Bodyweight,https://www.youtube.com/watch?v=d979_qlKCyM,reps,strength
plank,Plank,Rest on the forearms and toes with the elbows under the shoulders. Brace the abdominals and glutes to hold a straight line from head to heels for the prescribed time.,Elbows under shoulders · Ribs down · No sagging or piking · Breathe steadily,core_anti_extension,Abdominals,Glutes; lower back,Bodyweight,https://www.youtube.com/watch?v=pSHjTRCQxIw,timed,strength
plank_pushup,Plank Pushup,,,horizontal_push,Chest,Triceps; front deltoids,Bodyweight,,timed,strength
plate_curl,Plate Curl,,,iso_biceps,Biceps,Forearms,Weight plate,,reps x weight,strength
plate_front_raise,Plate Front Raise,"Stand tall gripping a weight plate at the 3 and 9 o'clock edges, palms facing each other, arms extended down with a slight elbow bend. Raise the plate forward to shoulder height. Lower it back down under control.",Grip at 3 and 9 · Don't rock the torso,iso_shoulder,Shoulders,Traps; rotator cuff,Weight plate,https://www.youtube.com/watch?v=HN8HYJTOl8c,reps x weight,strength
plate_press,Plate Press,,,horizontal_push,Chest,Triceps; front deltoids,Weight plate,,reps x weight,strength
plate_squeeze_svend_press,Plate Squeeze (Svend Press),,,horizontal_push,Chest,Triceps; front deltoids,Weight plate,,reps x weight,strength
power_clean,Power Clean,"From a deadlift setup, pull the bar explosively past the knees, extend the hips, ankles and knees, then whip the elbows through to catch the bar on the front of the shoulders in a partial squat.","Keep the bar close to the body · explode through the hips, knees and ankles · fast elbows to rack the bar · catch soft in a quarter squat",power_olympic,Full body,Quadriceps; glutes; hamstrings; shoulders; traps,Barbell,https://www.youtube.com/watch?v=e8TpDdMYq4Y,reps x weight,strength
power_snatch,Power Snatch,"Stand over the bar with a wide grip, feet under your hips, hips down and chest up. Pull the bar from the floor and accelerate it past your hips with a powerful snap of the hips and knees. Pull yourself under and catch it locked out overhead in a partial squat, then stand.","Wide grip, bar brushing close · Accelerate past the hips · Full snap of hips and knees · Punch under to lockout",power_olympic,Full body,Quadriceps; glutes; hamstrings; shoulders; traps,Barbell,https://www.youtube.com/watch?v=z1j2QMBJF6c,reps x weight,strength
preacher_curl_barbell,Preacher Curl (Barbell),,,iso_biceps,Biceps,Forearms,Barbell,,reps x weight,strength
preacher_curl_dumbbell,Preacher Curl (Dumbbell),"Rest both upper arms on a preacher bench and hold a dumbbell in each hand with palms facing each other. Lower the dumbbells until your arms are fully extended, then curl them up until your biceps contract. Keep the neutral grip throughout.","Keep palms facing each other, no twist · Upper arms flat on the pad",iso_biceps,Biceps,Forearms,Dumbbell,https://www.youtube.com/watch?v=_37keawAZlg,reps x weight,strength
preacher_curl_machine,Preacher Curl (Machine),,,iso_biceps,Biceps,Forearms,Machine,,reps x weight,strength
press_under,Press Under,,,horizontal_push,Full body,Triceps; front deltoids,Bodyweight,,reps,strength
pull_up,Pull Up,"Hang from the bar with an overhand grip at shoulder width. Pull until the chin clears the bar, then lower all the way to straight arms under control.",Chin fully over the bar · Lower to straight arms · Keep the body from swinging,vertical_pull,Lats,Biceps; upper back; forearms,Pull-up bar,https://www.youtube.com/watch?v=UH30Wm_KAl8,reps,strength
pull_up_archer,Pull Up (Archer),Pull up with a wide grip and travel toward one hand while the opposite arm stays straight along the bar. Alternate sides each rep.,One arm straight like drawing a bow · Pull high before you shift · Alternate sides,vertical_pull,Lats,Biceps; upper back; forearms,Pull-up bar,https://www.youtube.com/watch?v=73lhGA-Okkc,reps,strength
pull_up_assisted,Pull Up (Assisted),,,vertical_pull,Lats,Biceps; upper back; forearms,Pull-up bar,,reps,strength
pull_up_band,Pull Up (Band),"Loop a band under the knee or foot, or rest one foot on a low box. Pull to full range with the chin over the bar and use only as much help as you need.",Use the least help that works · Full range every rep · Drop the assistance as you get stronger,vertical_pull,Lats,Biceps; upper back; forearms,Resistance band,https://www.youtube.com/watch?v=B_VkNQS5YLs,reps,strength
pull_up_belly_button,Pull Up (Belly Button),Pull as high as you can while leaning back hard so the bar travels toward the navel. Keep the pull smooth rather than kipping into position.,Bar aims for the navel · Big lean back · No kip,vertical_pull,Lats,Biceps; upper back; forearms,Pull-up bar,https://www.youtube.com/watch?v=-XXuIwW56Zw,reps,strength
pull_up_chest_to_bar,Pull Up (Chest to Bar),Pull explosively while leaning back so the bar meets the lower chest. Keep the elbows driving down and behind you at the top.,Bar touches the lower chest · Lean back at the top · Drive the elbows down,vertical_pull,Lats,Biceps; upper back; forearms,Pull-up bar,https://www.youtube.com/watch?v=PmdNNN8nLGI,reps,strength
pull_up_close_grip,Pull Up (Close Grip),"Take an overhand grip narrower than shoulder width. Pull to the bar keeping the elbows close to the body, then lower to a full hang.",Hands inside shoulder width · Elbows brush the ribs · Full hang at the bottom,vertical_pull,Lats,Biceps; upper back; forearms,Pull-up bar,https://www.youtube.com/watch?v=dhdfTfEP8cU,reps,strength
pull_up_false_grip,Pull Up (False Grip),Hook the wrists over the rings or bar so the heel of the hand sits on top of the grip. Pull until the rings reach the lower chest while holding that wrist position throughout.,Heel of the hand on top of the ring · Pull to the lower chest · Expect sore wrists at first,vertical_pull,Lats,Biceps; upper back; forearms,Pull-up bar,https://www.youtube.com/watch?v=59Kpdw7cqgY,reps,strength
pull_up_l_sit,Pull Up (L-Sit),"Hold both legs straight out in front at hip height, then perform full pull ups without letting the legs drop.",Legs stay parallel to the floor · No swinging · Drop the set when the legs sag,vertical_pull,Lats,Biceps; upper back; forearms,Pull-up bar,https://www.youtube.com/watch?v=LoiAKbaOwl8,timed,strength
pull_up_one_arm_eccentric,"Pull Up (One Arm, Eccentric)",Start at the top with one arm and the chin over the bar. Lower as slowly as you can through the full range until the arm is straight.,Start at the top · Fight the whole way down · Stop when the descent turns into a drop,vertical_pull,Lats,Biceps; upper back; forearms,Pull-up bar,https://www.youtube.com/watch?v=zUU4g31auEI,reps,strength
pull_up_typewriter,Pull Up (Typewriter),"Pull to the top with a wide grip, then shift sideways over one hand while the other arm straightens. Move back across the bar and lower under control.",Stay high while you travel · Straighten the trailing arm · Even reps on both sides,vertical_pull,Lats,Biceps; upper back; forearms,Pull-up bar,https://www.youtube.com/watch?v=TVT5Ro_g1Go,reps,strength
pull_up_weighted,Pull Up (Weighted),"Attach additional load with a belt or vest. Start from a full hang, pull until the chin clears the bar, and lower under control.",Record added load only · Full hang · Chin over bar · No kipping,vertical_pull,Lats,Biceps; upper back; forearms,Pull-up bar; weight belt or vest,https://www.youtube.com/watch?v=J3JW_cPynwI,reps x weight,strength
pullover_dumbbell,Pullover (Dumbbell),,,vertical_pull,Lats,Biceps; upper back; forearms,Dumbbell,,reps x weight,strength
pullover_machine,Pullover (Machine),,,vertical_pull,Lats,Biceps; upper back; forearms,Machine,,reps x weight,strength
push_press,Push Press,"Hold the bar on the front of the shoulders with a shoulder-width grip and elbows up. Dip briefly at the knees, then drive explosively through the legs to launch the bar overhead and lock the arms out. Lower under control to the shoulders and reset.","Short, vertical dip, do not lean forward · drive with the legs, not just the arms · finish with the bar stacked over the mid-foot · brace the core throughout",vertical_push,Shoulders,Triceps; upper chest,Barbell,https://www.youtube.com/watch?v=HKx22sWywxc,reps x weight,strength
push_up,Push Up,"Set the hands slightly wider than the shoulders with the body in a straight line. Lower until the chest is just off the floor, then press back to locked arms.",Elbows at about forty five degrees · Hips in line with the shoulders · Full lockout at the top,horizontal_push,Chest,Triceps; front deltoids,Bodyweight,https://www.youtube.com/watch?v=WDIpL0pjun0,reps,strength
push_up_weighted,Push Up (Weighted),,,horizontal_push,Chest,Triceps; front deltoids,Bodyweight,,reps x weight,strength
push_up_close_grip,Push Up - Close Grip,Perform pushups keeping the elbows tucked close to the ribs the whole way down. The hands sit under the lower chest rather than out wide.,Elbows brush the ribs · Hands under the lower chest · Expect more triceps work,horizontal_push,Chest,Triceps; front deltoids,Bodyweight,https://www.youtube.com/watch?v=mm_yyN2Rtvo,reps,strength
push_up_archer,Push-Up (Archer),Take a wide hand position and lower toward one hand while the other arm straightens out to the side. Press back up and alternate sides.,Straighten the far arm · Chest lands over the working hand · Alternate each rep,horizontal_push,Chest,Triceps; front deltoids,Bodyweight,https://www.youtube.com/watch?v=wJKLatFY-aU,reps,strength
push_up_one_arm_incline,"Push-Up (One Arm, Incline)","Place one hand on a bench or box with the other behind the back and the feet wide. Lower the chest to the surface and press back up, then switch sides.",Feet wide for balance · Lower the surface as you progress · Hips stay square,horizontal_push,Chest,Triceps; front deltoids,Bodyweight,https://www.youtube.com/watch?v=efchxULAT6M,reps,strength
push_up_pseudo_planche,Push-Up (Pseudo Planche),"Place the hands lower beside the torso, lean the shoulders forward past the hands, and perform push-ups without losing the forward lean.",Shoulders remain ahead of hands · Body stays rigid · Elbows track close · Use a pain-free wrist angle,horizontal_push,Shoulders,Triceps; front deltoids,Bodyweight,https://www.youtube.com/watch?v=jZsSSPEgJQk,reps,strength
push_up_rings_turned_out,Push-Up (Rings Turned Out),"Set the rings just off the floor and turn them out so the palms face forward at the top. Lower to the chest and press back up, restoring the turnout each rep.",Turn the rings out at lockout · Elbows stay close · Control the wobble,horizontal_push,Chest,Triceps; front deltoids,Gymnastic rings,https://www.youtube.com/watch?v=J1N2v6yJ_54,reps,strength
push_up_rings_turned_out_archer,"Push-Up (Rings Turned Out, Archer)","Perform archer pushups on rings turned out at the top. Lower toward one ring while the other arm straightens, then press back and turn the rings out again.",Turnout at the top of each rep · Far arm straightens · Alternate sides,horizontal_push,Chest,Triceps; front deltoids,Gymnastic rings,https://www.youtube.com/watch?v=_CakWOnh3-Y,reps,strength
push_up_rings_turned_out_pseudo_planche,"Push-Up (Rings Turned Out, Pseudo Planche)","On rings turned out, lean the shoulders forward and perform push-ups while keeping the rings stable and the forward lean consistent.",Rings remain turned out · Shoulders ahead of hands · No ring drift · Control the bottom,horizontal_push,Shoulders,Triceps; front deltoids,Gymnastic rings,https://www.youtube.com/watch?v=oso20DQ0JjQ,reps,strength
push_up_rings,Push-Up (Rings),Set the rings just off the floor and hold them at shoulder width. Lower the chest to ring height and press back up while keeping the rings from wobbling.,Rings stay under the shoulders · Full range each rep · Squeeze the rings hard,horizontal_push,Chest,Triceps; front deltoids,Gymnastic rings,https://www.youtube.com/watch?v=FRiiZRhapeU,reps,strength
push_up_rings_wide,"Push-Up (Rings, Wide)",Set the rings a few inches off the floor and take a wide hand position. Lower the chest between the rings and press back up while stopping them from drifting.,"Wide hands, deeper stretch · Rings stay steady · Body in one line",horizontal_push,Chest,Triceps; front deltoids,Gymnastic rings,https://www.youtube.com/watch?v=sOqMm0Y1bQw,reps,strength
push_up_uneven,Push-Up (Uneven),"Put one hand on a low block or ball and the other on the floor. Perform pushups so the lower arm takes most of the load, then switch sides.",Lower hand does most of the work · Keep the hips square · Even sets on both sides,horizontal_push,Chest,Triceps; front deltoids,Bodyweight,https://www.youtube.com/watch?v=J1pEqEB10lA,reps,strength
push_up_wall,Push-Up (Wall),"Stand an arm length from a wall and place the hands on it at chest height. Bend the elbows to bring the chest to the wall, then press back to straight arms.",Body stays in one line · Elbows at about forty five degrees · Step the feet back to make it harder,horizontal_push,Chest,Triceps; front deltoids,Bodyweight,https://www.youtube.com/watch?v=EOf3cGIQpA4,reps,strength
rack_pull,Rack Pull,,,horizontal_pull,Upper back,Biceps; rear deltoids; forearms,Bodyweight,,reps,strength
rear_delt_reverse_fly_cable,Rear Delt Reverse Fly (Cable),"Set both pulleys above head height and grab the left handle with your right hand and the right handle with your left so the cables cross in front. Pull your arms apart and back in a wide arc until they reach out to your sides. Squeeze the rear delts, then return under control.",Cross the cables in front · Sweep wide and back to your sides · Keep arms level with your shoulders,iso_shoulder,Shoulders,Traps; rotator cuff,Cable machine,https://www.youtube.com/watch?v=er15V96hG5U,reps x weight,strength
rear_delt_reverse_fly_dumbbell,Rear Delt Reverse Fly (Dumbbell),,,iso_shoulder,Shoulders,Traps; rotator cuff,Dumbbell,,reps x weight,strength
rear_delt_reverse_fly_machine,Rear Delt Reverse Fly (Machine),,,iso_shoulder,Shoulders,Traps; rotator cuff,Machine,,reps x weight,strength
renegade_row_dumbbell,Renegade Row (Dumbbell),,,horizontal_pull,Upper back,Biceps; rear deltoids; forearms,Dumbbell,,reps x weight,strength
reverse_crunch,Reverse Crunch,,,core_flexion,Abdominals,Hip flexors; obliques,Bodyweight,,reps,strength
reverse_curl_barbell,Reverse Curl (Barbell),,,iso_biceps,Biceps,Forearms,Barbell,,reps x weight,strength
reverse_curl_cable,Reverse Curl (Cable),"Attach a straight bar to a low pulley and grip it at shoulder width with palms facing down. Stand tall with elbows tucked to your sides. Curl the bar up toward your shoulders until your biceps contract, then lower it slowly until your arms are straight.",Keep palms facing down · Pin elbows to your sides · Curl up without leaning back,iso_biceps,Biceps,Forearms,Cable machine,https://www.youtube.com/watch?v=HwB-DevuJjU,reps x weight,strength
reverse_curl_dumbbell,Reverse Curl (Dumbbell),"Stand tall with a dumbbell in each hand and your palms facing down, arms fully extended. Keep your elbows close to your sides and curl the weights up until your biceps contract. Lower them slowly until your arms are straight, holding the palms-down grip.",Keep palms facing down · Elbows stay close to your sides,iso_biceps,Biceps,Forearms,Dumbbell,https://www.youtube.com/watch?v=BfY-4WuwR8s,reps x weight,strength
reverse_fly_single_arm_cable,Reverse Fly Single Arm (Cable),,,iso_shoulder,Shoulders,Traps; rotator cuff,Cable machine,,reps x weight,strength
reverse_grip_concentration_curl,Reverse Grip Concentration Curl,,,iso_biceps,Biceps,Forearms,Bodyweight,,reps,strength
reverse_grip_lat_pulldown_cable,Reverse Grip Lat Pulldown (Cable),,,vertical_pull,Lats,Biceps; upper back; forearms,Cable machine,,reps x weight,strength
reverse_hyperextension,Reverse Hyperextension,,,hinge,Glutes,Hamstrings; lower back; adductors,Bodyweight,,reps,strength
reverse_lunge,Reverse Lunge,,,lunge,Quadriceps,Glutes; hamstrings; calves,Bodyweight,,reps,strength
reverse_lunge_barbell,Reverse Lunge (Barbell),,,lunge,Quadriceps,Glutes; hamstrings; calves,Barbell,,reps x weight,strength
reverse_lunge_dumbbell,Reverse Lunge (Dumbbell),"Stand tall holding a dumbbell in each hand at your sides. Step backward with one leg and lower your hips until both knees bend near 90 degrees and the back knee nearly touches the floor. Drive through the front heel back to standing, then alternate legs.",Step straight back · Keep weight on front heel,lunge,Quadriceps,Glutes; hamstrings; calves,Dumbbell,https://www.youtube.com/watch?v=uEA0D59JYvk,reps x weight,strength
reverse_plank,Reverse Plank,,,core_anti_extension,Abdominals,Glutes; lower back,Bodyweight,,timed,strength
ring_dip_rings_turned_out,Ring Dip (Rings Turned Out),Perform ring dips and finish each press by turning the rings out so the palms face forward at the top. Hold that turnout for a moment before the next rep.,Turn the rings out at the top · Elbows stay in · Start with a short turned out hold,vertical_push,Triceps,Chest; front deltoids,Gymnastic rings,https://www.youtube.com/watch?v=m71NuzJ0GUE,reps,strength
ring_dips,Ring Dips,"Support on rings with straight arms and the rings held close to the hips. Lower under control to the bottom, then press back up while stopping the rings from drifting out.",Keep the rings pinned near the hips · Slow and controlled · Straight arms at the top,vertical_push,Chest,Triceps; front deltoids,Gymnastic rings,https://www.youtube.com/watch?v=dHKvF9zODqI,reps,strength
romanian_deadlift_barbell,Romanian Deadlift (Barbell),,,hinge,Hamstrings,Glutes; lower back; adductors,Barbell,,reps x weight,strength
romanian_deadlift_dumbbell,Romanian Deadlift (Dumbbell),,,hinge,Hamstrings,Glutes; lower back; adductors,Dumbbell,,reps x weight,strength
rope_cable_curl,Rope Cable Curl,,,iso_biceps,Biceps,Forearms,Cable machine,,reps x weight,strength
rope_straight_arm_pulldown,Rope Straight Arm Pulldown,"Attach a rope to a high pulley and stand a couple feet back with a staggered stance. Hinge forward from the hips with a straight back and take the rope with arms extended overhead. Sweep your arms down to your thighs, then control back up.","Spread the rope at your thighs · Arms straight, drive from the lats",vertical_pull,Lats,Biceps; upper back; forearms,Cable machine,https://www.youtube.com/watch?v=G9uNaXGTJ4w,reps x weight,strength
rowing_machine,Rowing Machine,,,cardio,Cardiovascular system,,Machine,,timed,warmup/cooldown
running,Running,,,cardio,Cardiovascular system,,Cardio equipment or open space,,timed,warmup/cooldown
russian_twist_bodyweight,Russian Twist (Bodyweight),"Sit with the knees bent and torso leaned back, feet up or down. Rotate the torso to touch the weight or hands to each side under control.","Rotate through the trunk, not just the arms · keep the chest up and back braced · move under control, no flinging · keep the core tight throughout",core_rotation,Abdominals,Obliques; lower back,Bodyweight,https://www.youtube.com/watch?v=99T1EfpMwPA,reps,strength
russian_twist_weighted,Russian Twist (Weighted),,,core_rotation,Abdominals,Obliques; lower back,Bodyweight,,reps x weight,strength
scapular_pull_ups,Scapular Pull Ups,"Hang from the bar with straight arms. Without bending the elbows, pull the shoulder blades down and together so the body rises an inch or two, then lower back to a relaxed hang.",Elbows stay straight · Move only the shoulder blades · Pause at the top of each rep,vertical_pull,Upper back,Biceps; upper back; forearms,Pull-up bar,https://www.youtube.com/watch?v=kCoCVLZvI8E,reps,strength
seated_cable_row_bar_grip,Seated Cable Row - Bar Grip,,,horizontal_pull,Upper back,Biceps; rear deltoids; forearms,Cable machine,,reps x weight,strength
seated_cable_row_bar_wide_grip,Seated Cable Row - Bar Wide Grip,,,horizontal_pull,Upper back,Biceps; rear deltoids; forearms,Cable machine,,reps x weight,strength
seated_cable_row_v_grip_cable,Seated Cable Row - V Grip (Cable),,,horizontal_pull,Upper back,Biceps; rear deltoids; forearms,Cable machine,,reps x weight,strength
seated_calf_raise,Seated Calf Raise,"Sit with the pad on the lower thighs and the balls of the feet on the block. Lower the heels to a stretch, then press up as high as possible onto the toes.",Full stretch at the bottom · press up as high as possible · pause at the top · keep the reps smooth and controlled,iso_calf,Calves,,Barbell; Machine,https://www.youtube.com/watch?v=3ZRe_QpvRPg,reps x weight,strength
seated_chest_flys_cable,Seated Chest Flys (Cable),,,iso_chest,Chest,Front deltoids; biceps,Cable machine,,reps x weight,strength
seated_dip_machine,Seated Dip Machine,,,vertical_push,Triceps,Chest; front deltoids,Machine,,reps x weight,strength
seated_incline_curl_dumbbell,Seated Incline Curl (Dumbbell),"Sit on a flat bench holding a dumbbell in each hand at arm's length with elbows close to your sides. Curl the weights up while rotating your palms to face up, until your biceps contract. Lower slowly and rotate back to the start.",Keep elbows pinned to your sides · Rotate palms up as you curl · Untwist to neutral on the way down,iso_biceps,Biceps,Forearms,Dumbbell,https://www.youtube.com/watch?v=BsULGO70tcU,reps x weight,strength
seated_lateral_raise_dumbbell,Seated Lateral Raise (Dumbbell),,,iso_shoulder,Shoulders,Traps; rotator cuff,Dumbbell,,reps x weight,strength
seated_leg_curl_machine,Seated Leg Curl (Machine),"Sit with the pad on the lower calves and thighs secured. Curl the heels down and back under the seat, squeeze, then return under control.",Keep the thighs pinned under the pad · full range curl · squeeze the hamstrings · control the return,iso_hamstring,Hamstrings,Glutes; calves,Machine,https://www.youtube.com/watch?v=Orxowest56U,reps x weight,strength
seated_overhead_press_barbell,Seated Overhead Press (Barbell),,,vertical_push,Shoulders,Triceps; upper chest,Barbell,,reps x weight,strength
seated_overhead_press_dumbbell,Seated Overhead Press (Dumbbell),"Sit on a bench with back support and bring a dumbbell to each shoulder, palms facing forward. Press both dumbbells overhead until your arms extend and the weights nearly meet. Lower them under control back to shoulder height.",Press until dumbbells nearly meet · Keep your back on the pad,vertical_push,Shoulders,Triceps; upper chest,Dumbbell,https://www.youtube.com/watch?v=1WOecdL8nrI,reps x weight,strength
seated_palms_up_wrist_curl,Seated Palms Up Wrist Curl,"Sit on a flat bench holding a dumbbell in each hand with your palms facing up. Rest your forearms along your thighs so the wrists hang just past your knees. Let the dumbbells roll down toward your fingers, then curl them up by flexing your wrists fully.","Roll the bells down to your fingers · Curl up, only the wrists move",iso_forearm,Forearms,Biceps,Barbell; Dumbbell,https://www.youtube.com/watch?v=3rsKOL8scsU,reps x weight,strength
seated_row_machine,Seated Row (Machine),,,horizontal_pull,Upper back,Biceps; rear deltoids; forearms,Machine,,reps x weight,strength
seated_shoulder_press_machine,Seated Shoulder Press (Machine),,,vertical_push,Shoulders,Triceps; upper chest,Machine,,reps x weight,strength
seated_triceps_press,Seated Triceps Press,"Sit on a bench with back support and hold one dumbbell overhead with both hands, arms locked out. Keep your elbows pointing forward and lower the weight behind your head by bending the elbows. Press it back up to full extension.","Point your elbows forward, not out · Lower behind your head",iso_triceps,Triceps,Front deltoids,Dumbbell,https://www.youtube.com/watch?v=YK6zrgVI4GI,reps x weight,strength
seated_wrist_extension_barbell,Seated Wrist Extension (Barbell),,,iso_forearm,Forearms,Biceps,Barbell,,reps x weight,strength
shoulder_press_dumbbell,Shoulder Press (Dumbbell),"Seated or standing, start with the dumbbells at shoulder height, palms forward. Press overhead until the arms extend, then lower under control to the shoulders.","Brace the core, don't arch the lower back · press slightly in, not straight out · full lockout overhead · control the weight back to the shoulders",vertical_push,Shoulders,Triceps; upper chest,Dumbbell,https://www.youtube.com/watch?v=0JfYxMRsUCQ,reps x weight,strength
shoulder_press_machine_plates,Shoulder Press (Machine Plates),,,vertical_push,Shoulders,Triceps; upper chest,Machine,,reps x weight,strength
shoulder_taps,Shoulder Taps,,,iso_shoulder,Shoulders,Traps; rotator cuff,Bodyweight,,reps,strength
shrimp_squat_advanced,Shrimp Squat (Advanced),"Hold the rear foot behind you and lower until the back knee touches, keeping the torso upright and the balance steady with no assistance.",Upright torso · Smooth touch and stand · No wobble at the bottom,squat,Quadriceps,Glutes; hamstrings; calves,Bodyweight,https://www.youtube.com/watch?v=1YNZ9l9WZnk,reps,strength
shrimp_squat_beginner,Shrimp Squat (Beginner),Hold one foot behind you with the same side hand and lower on the other leg until the back knee touches a pad. Use a light support with the free hand.,Back knee touches a pad · Free hand for balance · Torso stays upright,squat,Quadriceps,Glutes; hamstrings; calves,Bodyweight,https://www.youtube.com/watch?v=1x5iajDgE9I,reps,strength
shrimp_squat_intermediate,Shrimp Squat (Intermediate),Hold the rear foot with the same side hand and lower to the back knee without any hand support. Stand back up on the working leg.,No hand support · Back knee taps the floor · Keep the chest tall,squat,Quadriceps,Glutes; hamstrings; calves,Bodyweight,https://www.youtube.com/watch?v=hYIKLH6kznc,reps,strength
shrug_barbell,Shrug (Barbell),"Hold the bar in front of the thighs with straight arms. Shrug the shoulders straight up toward the ears, hold briefly, then lower under control.","Lift straight up, don't roll the shoulders · keep the arms straight · squeeze the traps at the top · control the lowering",iso_traps,Traps,Forearms; shoulders,Barbell,https://www.youtube.com/watch?v=larn3Asl6oM,reps x weight,strength
shrug_cable,Shrug (Cable),,,iso_traps,Traps,Forearms; shoulders,Cable machine,,reps x weight,strength
shrug_dumbbell,Shrug (Dumbbell),,,iso_traps,Traps,Forearms; shoulders,Dumbbell,,reps x weight,strength
shrug_machine,Shrug (Machine),,,iso_traps,Traps,Forearms; shoulders,Machine,,reps x weight,strength
shrug_smith_machine,Shrug (Smith Machine),,,iso_traps,Traps,Forearms; shoulders,Smith machine,,reps x weight,strength
side_bend,Side Bend,,,core_rotation,Abdominals,Obliques; lower back,Bodyweight,,reps,strength
side_bend_dumbbell,Side Bend (Dumbbell),,,core_rotation,Abdominals,Obliques; lower back,Dumbbell,,reps x weight,strength
side_plank,Side Plank,,,core_anti_extension,Abdominals,Glutes; lower back,Bodyweight,,timed,strength
single_arm_cable_crossover,Single Arm Cable Crossover,"Set the pulley high and take the handle in one hand, stepping forward so the arm is extended out and back. Keep your chest up and pull the handle down and across your body toward the opposite hip. Squeeze the chest, then return slowly to the stretch.","Pull down across to the far hip · Stand tall, don't twist the torso",iso_chest,Chest,Front deltoids; biceps,Cable machine,https://www.youtube.com/watch?v=7_IJU_4YIwU,reps x weight,strength
single_arm_cable_row,Single Arm Cable Row,,,horizontal_pull,Upper back,Biceps; rear deltoids; forearms,Cable machine,,reps x weight,strength
single_arm_curl_cable,Single Arm Curl (Cable),"Grab a single handle at the low pulley and step back so the cable stays taut. Pin your upper arm to your side and keep it still. Curl the handle up toward your shoulder by squeezing the biceps, then lower slowly to a full stretch.",Pin your upper arm to your side · Keep the cable taut at the bottom,iso_biceps,Biceps,Forearms,Cable machine,https://www.youtube.com/watch?v=68hHB-pZxug,reps x weight,strength
single_arm_landmine_press_barbell,Single Arm Landmine Press (Barbell),,,vertical_push,Shoulders,Triceps; upper chest,Barbell,,reps x weight,strength
single_arm_lat_pulldown,Single Arm Lat Pulldown,"Attach a single handle to a high pulley and sit with the knee pad snug against your thighs. Grip the handle with your palm facing forward and arm extended overhead. Pull it down, driving your elbow to your side, then control it back up.","Drive your elbow down to your ribs · Reach tall for a full stretch · Keep shoulders level, no twist",vertical_pull,Lats,Biceps; upper back; forearms,Cable machine,https://www.youtube.com/watch?v=XbZgoSNJXm4,reps x weight,strength
single_arm_lateral_raise_cable,Single Arm Lateral Raise (Cable),,,iso_shoulder,Shoulders,Traps; rotator cuff,Cable machine,,reps x weight,strength
single_arm_tricep_extension_dumbbell,Single Arm Tricep Extension (Dumbbell),"Sit or stand tall and raise a dumbbell overhead in one hand with the arm fully extended. Keep your upper arm close to your head and pointing up. Lower the dumbbell behind your head by bending the elbow, then extend your arm to press it back overhead.",Keep the upper arm pointing up · Lower behind your head,iso_triceps,Triceps,Front deltoids,Dumbbell,https://www.youtube.com/watch?v=kZ-ReOdn2qk,reps x weight,strength
single_arm_triceps_pushdown_cable,Single Arm Triceps Pushdown (Cable),,,iso_triceps,Triceps,Front deltoids,Cable machine,,reps x weight,strength
single_leg_extensions,Single Leg Extensions,,,iso_quad,Quadriceps,Hip flexors,Bodyweight,,reps,strength
single_leg_glute_bridge,Single Leg Glute Bridge,"Lie on your back with feet flat and knees bent, then lift one knee toward your chest. Drive through the heel of your planted foot and extend your hip to raise your hips off the floor until your body forms a straight line. Lower under control to the floor.",Drive through your planted heel · Keep both hips level as you rise,hinge,Glutes,Hamstrings; lower back; adductors,Bodyweight,https://www.youtube.com/watch?v=sVfp4LN9niA,reps,strength
single_leg_hip_thrust,Single Leg Hip Thrust,,,hinge,Glutes,Hamstrings; lower back; adductors,Bodyweight,,reps,strength
single_leg_hip_thrust_dumbbell,Single Leg Hip Thrust (Dumbbell),,,hinge,Glutes,Hamstrings; lower back; adductors,Dumbbell,,reps x weight,strength
single_leg_press_machine,Single Leg Press (Machine),,,squat,Quadriceps,Glutes; hamstrings; calves,Machine,,reps x weight,strength
single_leg_romanian_deadlift_barbell,Single Leg Romanian Deadlift (Barbell),,,hinge,Hamstrings,Glutes; lower back; adductors,Barbell,,reps x weight,strength
single_leg_romanian_deadlift_bodyweight,Single Leg Romanian Deadlift (Bodyweight),"Stand on one leg with a soft knee and hinge at the hips, letting the free leg travel back as the chest lowers. Return by driving the hips forward.","Hinge at the hips, not the waist · Back stays flat · Hips stay level",hinge,Hamstrings,Glutes; lower back; adductors,Bodyweight,https://www.youtube.com/watch?v=JQZqPsmeesc,reps,strength
single_leg_romanian_deadlift_dumbbell,Single Leg Romanian Deadlift (Dumbbell),,,hinge,Hamstrings,Glutes; lower back; adductors,Dumbbell,,reps x weight,strength
single_leg_standing_calf_raise,Single Leg Standing Calf Raise,,,iso_calf,Calves,,Bodyweight,,reps,strength
single_leg_standing_calf_raise_barbell,Single Leg Standing Calf Raise (Barbell),"Set a loaded barbell across your upper back and place the balls of your feet on a block or plate with heels hanging off. Rise up onto your toes as high as possible, squeezing the calves hard. Lower your heels below the block for a deep stretch.",Rise to full tip-toe · Sink the heels below the block,iso_calf,Calves,,Barbell,https://www.youtube.com/watch?v=4vK3pLd4Akg,reps x weight,strength
single_leg_standing_calf_raise_dumbbell,Single Leg Standing Calf Raise (Dumbbell),"Hold a sturdy object for balance and place the balls of both feet on a dumbbell handle, heels on the floor. Rise onto your toes as high as you can by squeezing the calves. Lower your heels back toward the floor under control for a full stretch.",Rise as high as you can · Steady the wobbling handle,iso_calf,Calves,,Dumbbell,https://www.youtube.com/watch?v=SRUtMJ0tE2A,reps x weight,strength
single_leg_standing_calf_raise_machine,Single Leg Standing Calf Raise (Machine),,,iso_calf,Calves,,Machine,,reps x weight,strength
sissy_squat_weighted,Sissy Squat (Weighted),"Grip a squat rack upright with one hand and hold a weight plate against your chest with the other, feet shoulder-width and up on your toes. Lower by driving your knees forward and leaning your torso back in a straight line. Pull with your quads to rise back up.",Drive your knees forward · Keep your body in a straight line,squat,Quadriceps,Glutes; hamstrings; calves,Barbell,https://www.youtube.com/watch?v=LtVS8syZsTM,reps x weight,strength
sit_up,Sit Up,"Lie on your back with knees bent, feet anchored, and hands behind your head. Curl your torso up off the floor toward your knees, leading with your chest. Lower back down with control until your shoulders touch.",Don't yank on your neck · Roll up through the spine · Lead with your chest,core_flexion,Abdominals,Hip flexors; obliques,Bodyweight,https://www.youtube.com/watch?v=_EvMTkXme0g,reps,strength
sit_up_weighted,Sit Up (Weighted),,,core_flexion,Abdominals,Hip flexors; obliques,Bodyweight,,reps x weight,strength
skullcrusher_barbell,Skullcrusher (Barbell),,,iso_triceps,Triceps,Front deltoids,Barbell,,reps x weight,strength
skullcrusher_dumbbell,Skullcrusher (Dumbbell),,,iso_triceps,Triceps,Front deltoids,Dumbbell,,reps x weight,strength
sled_push,Sled Push,"Load the sled and grip the handles with your arms fully extended. Set an athletic stance with a forward body lean and a flat back. Drive the sled forward by powering through the balls of your feet, fully extending the hips and knees with every stride.","Arms long, back flat · Push through the balls of the feet · Fully extend hips and knees",power_plyo,Full body,Glutes; hamstrings; calves,Weighted sled,https://www.youtube.com/watch?v=QwscR2BhdEg,timed x weight,strength
snatch,Snatch,"From a wide grip, pull the bar explosively from the floor, extend the hips and pull under to catch it overhead in a full squat, then stand to lockout.","Wide grip, bar close and over the mid-foot · explode through the hips · pull under fast to a locked-out catch · stay tight and stand tall to finish",power_olympic,Full body,Quadriceps; glutes; hamstrings; shoulders; traps,Barbell,https://www.youtube.com/watch?v=Iy0vPROslAA,reps x weight,strength
snowboarding,Snowboarding,,,cardio,Cardiovascular system,,Cardio equipment or open space,,timed,warmup/cooldown
spider_curl_barbell,Spider Curl (Barbell),,,iso_biceps,Biceps,Forearms,Barbell,,reps x weight,strength
spider_curl_dumbbell,Spider Curl (Dumbbell),"Lie face down on an incline bench with your chest supported and shoulders near the top. Let your arms hang straight down holding a dumbbell in each hand. Curl the weights up toward your shoulders, then lower them under control to a full stretch.",Lie chest-down on the bench · Let arms hang straight down,iso_biceps,Biceps,Forearms,Dumbbell,https://www.youtube.com/watch?v=JJqCt-pyq04,reps x weight,strength
spiderman,Spiderman,,,core_flexion,Abdominals,Hip flexors; obliques,Bodyweight,,reps,strength
spinning,Spinning,,,cardio,Cardiovascular system,,Stationary bike,,timed,warmup/cooldown
split_jerk,Split Jerk,"Rack the bar across your front delts, feet under your hips. Dip straight down by bending the knees, then drive up explosively and punch the bar overhead. As it rises, split one foot forward and one back into a lunge and lock the arms, then recover the feet to standing.","Dip straight down, torso tall · Drive through legs, not arms · Split feet front and back · Catch with arms locked out",power_olympic,Full body,Quadriceps; glutes; hamstrings; shoulders; traps,Barbell,https://www.youtube.com/watch?v=14j8oyHga9Y,reps x weight,strength
split_squat_dumbbell,Split Squat (Dumbbell),,,lunge,Quadriceps,Glutes; hamstrings; calves,Dumbbell,,reps x weight,strength
sprints,Sprints,,,cardio,Cardiovascular system,,Cardio equipment or open space,,timed,warmup/cooldown
squat_assisted,Squat (Assisted),"Hold a doorframe, pole or suspension strap and sit back into a squat. Use the hands for balance and only as much pull as you need to reach depth.",Use the hands for balance · Sit back and down · Heels stay flat,squat,Quadriceps,Glutes; hamstrings; calves,Bodyweight,https://www.youtube.com/watch?v=CcnyxSe_H9g,reps,strength
squat_assisted_deep,"Squat (Assisted, Deep)","Using the same light support, lower all the way until the hamstrings meet the calves. Hold the bottom briefly, then stand back up.",Go to full depth · Pause at the bottom · Keep the heels down,squat,Quadriceps,Glutes; hamstrings; calves,Bodyweight,https://www.youtube.com/watch?v=9ftu-x-sa1s,reps,strength
squat_band,Squat (Band),,,squat,Quadriceps,Glutes; hamstrings; calves,Resistance band,,reps,strength
squat_barbell,Squat (Barbell),"Set the bar just below shoulder height, step under it and rest it across your upper back. Drive through your legs to unrack, step back to a shoulder-width stance with toes slightly out. Sit the hips back and bend the knees until the hamstrings meet the calves, then drive up through the mid-foot to standing.","Head up, back flat throughout · brace before you descend · inhale down, exhale up · push the floor away through heel and mid-foot · knees track over the toes",squat,Quadriceps,Glutes; hamstrings; calves,Barbell,https://www.youtube.com/watch?v=rrJIyZGlK8c,reps x weight,strength
squat_bodyweight,Squat (Bodyweight),"Stand with the feet about shoulder width and the toes turned slightly out. Sit back and down until the thighs pass parallel, then drive through the whole foot to stand.",Knees track over the toes · Thighs past parallel · Chest stays up,squat,Quadriceps,Glutes; hamstrings; calves,Bodyweight,https://www.youtube.com/watch?v=l83R5PblSMA,reps,strength
squat_deep,Squat (Deep),Squat all the way to the bottom so the hamstrings rest on the calves and hold there comfortably. Stand back up without letting the heels lift.,"Full depth, heels down · Hold the bottom position · Keep the spine long",squat,Quadriceps,Glutes; hamstrings; calves,Bodyweight,https://www.youtube.com/watch?v=QAMLqAjN9T0,reps,strength
squat_dumbbell,Squat (Dumbbell),,,squat,Quadriceps,Glutes; hamstrings; calves,Dumbbell,,reps x weight,strength
squat_machine,Squat (Machine),,,squat,Quadriceps,Glutes; hamstrings; calves,Machine,,reps x weight,strength
squat_smith_machine,Squat (Smith Machine),,,squat,Quadriceps,Glutes; hamstrings; calves,Smith machine,,reps x weight,strength
squat_suspension,Squat (Suspension),,,squat,Quadriceps,Glutes; hamstrings; calves,Suspension trainer,,reps,strength
squat_row,Squat Row,,,horizontal_pull,Full body,Biceps; rear deltoids; forearms,Bodyweight,,reps,strength
stair_machine_floors,Stair Machine (Floors),,,cardio,Cardiovascular system,,Machine,,timed,warmup/cooldown
stair_machine_steps,Stair Machine (Steps),,,cardio,Cardiovascular system,,Machine,,timed,warmup/cooldown
standing_cable_glute_kickbacks,Standing Cable Glute Kickbacks,,,iso_glute,Glutes,Hamstrings; hip abductors,Cable machine,,reps x weight,strength
standing_calf_raise,Standing Calf Raise,"Set a loaded barbell across your upper back inside a squat rack and step out. Rise up onto the balls of your feet as high as you can, squeezing the calves. Rock back onto your heels and lift your toes, then rock forward onto your toes again.","Rise onto your toes, then rock back · Lift your toes at the heel end · Rock smoothly, no bouncing",iso_calf,Calves,,Barbell,https://www.youtube.com/watch?v=Gu4I8EaTy1I,reps x weight,strength
standing_calf_raise_barbell,Standing Calf Raise (Barbell),"Set a loaded barbell across your upper back and place the balls of your feet on a block or plate with heels hanging off. Rise up onto your toes as high as possible, squeezing the calves hard. Lower your heels below the block for a deep stretch.",Rise to full tip-toe · Sink the heels below the block,iso_calf,Calves,,Barbell,https://www.youtube.com/watch?v=4vK3pLd4Akg,reps x weight,strength
standing_calf_raise_dumbbell,Standing Calf Raise (Dumbbell),"Hold a sturdy object for balance and place the balls of both feet on a dumbbell handle, heels on the floor. Rise onto your toes as high as you can by squeezing the calves. Lower your heels back toward the floor under control for a full stretch.",Rise as high as you can · Steady the wobbling handle,iso_calf,Calves,,Dumbbell,https://www.youtube.com/watch?v=SRUtMJ0tE2A,reps x weight,strength
standing_calf_raise_machine,Standing Calf Raise (Machine),,,iso_calf,Calves,,Machine,,reps x weight,strength
standing_calf_raise_smith,Standing Calf Raise (Smith),,,iso_calf,Calves,,Bodyweight,,reps,strength
standing_leg_curls,Standing Leg Curls,,,iso_hamstring,Hamstrings,Glutes; calves,Bodyweight,,reps,strength
standing_military_press_barbell,Standing Military Press (Barbell),"Hold the bar at the front of the shoulders, feet hip-width, glutes and abs braced. Press the bar overhead, moving the head back slightly to clear it, then push through to a locked-out finish over the mid-foot.","Squeeze the glutes and abs, don't lean back · bar travels in a straight line over the mid-foot · full lockout with the biceps by the ears · keep the ribs down",vertical_push,Shoulders,Triceps; upper chest,Barbell,https://www.youtube.com/watch?v=dDNlDr8MXJY,reps x weight,strength
step_up,Step Up,,,lunge,Quadriceps,Glutes; hamstrings; calves,Bodyweight,,reps,strength
sternum_pull_up_gironda,Sternum Pull up (Gironda),,,vertical_pull,Lats,Biceps; upper back; forearms,Pull-up bar,,reps,strength
straight_arm_lat_pulldown_cable,Straight Arm Lat Pulldown (Cable),"Grab a wide bar on a high pulley with an overhand grip wider than shoulder width and step back about two feet. Hinge your torso forward about 30 degrees with arms extended toward the pulley. Sweep the bar down to your thighs in an arc, then return under control.",Sweep the bar down in an arc · Move only at the shoulders,vertical_pull,Lats,Biceps; upper back; forearms,Cable machine,https://www.youtube.com/watch?v=G9uNaXGTJ4w,reps x weight,strength
straight_leg_deadlift,Straight Leg Deadlift,,,hinge,Hamstrings,Glutes; lower back; adductors,Bodyweight,,reps,strength
stretching,Stretching,,,mobility,Other,,Bodyweight,,timed,stretching
sumo_deadlift,Sumo Deadlift,,,hinge,Glutes,Hamstrings; lower back; adductors,Bodyweight,,reps,strength
sumo_squat,Sumo Squat,,,squat,Quadriceps,Glutes; hamstrings; calves,Bodyweight,,reps,strength
sumo_squat_barbell,Sumo Squat (Barbell),,,squat,Quadriceps,Glutes; hamstrings; calves,Barbell,,reps x weight,strength
sumo_squat_dumbbell,Sumo Squat (Dumbbell),,,squat,Quadriceps,Glutes; hamstrings; calves,Dumbbell,,reps x weight,strength
sumo_squat_kettlebell,Sumo Squat (Kettlebell),,,squat,Quadriceps,Glutes; hamstrings; calves,Kettlebell,,reps x weight,strength
superman,Superman,,,hinge,Lower back,Glutes; lower back; adductors,Bodyweight,,reps,strength
swimming,Swimming,,,cardio,Cardiovascular system,,Cardio equipment or open space,,timed,warmup/cooldown
t_bar_row,T Bar Row,,,horizontal_pull,Upper back,Biceps; rear deltoids; forearms,Bodyweight,,reps,strength
thruster_barbell,Thruster (Barbell),,,full_body,Full body,,Barbell,,reps x weight,strength
thruster_kettlebell,Thruster (Kettlebell),"Hold two kettlebells racked at your shoulders, feet shoulder-width. Squat down until your thighs are parallel, then drive up through the legs and press both bells overhead as you stand. Lower back to the shoulders and descend again.",Hit parallel in the squat · Drive up through the legs · Press as you stand · Lock out overhead,full_body,Full body,,Kettlebell,https://www.youtube.com/watch?v=y0QfDZvoJcQ,reps x weight,strength
toe_touch,Toe Touch,,,core_flexion,Abdominals,Hip flexors; obliques,Bodyweight,,reps,strength
toes_to_bar,Toes to Bar,,,core_flexion,Abdominals,Hip flexors; obliques,Pull-up bar,,reps,strength
torso_rotation,Torso Rotation,,,core_rotation,Abdominals,Obliques; lower back,Bodyweight,,reps,strength
treadmill,Treadmill,,,cardio,Cardiovascular system,,Treadmill,,timed,warmup/cooldown
triceps_dip,Triceps Dip,,,vertical_push,Triceps,Chest; front deltoids,Dip bars,,reps,strength
triceps_dip_assisted,Triceps Dip (Assisted),,,vertical_push,Triceps,Chest; front deltoids,Dip bars,,reps,strength
triceps_dip_weighted,Triceps Dip (Weighted),,,vertical_push,Triceps,Chest; front deltoids,Dip bars; weight belt or vest,,reps x weight,strength
triceps_extension_barbell,Triceps Extension (Barbell),"Lie back on an incline bench set between 45 and 75 degrees, holding a barbell with an overhand grip just inside shoulder width. Extend your arms to bring the bar overhead with elbows in. Lower the bar toward the top of your head by bending the elbows, then extend back up.",Set the bench 45 to 75 degrees · Lower the bar to the top of your head,iso_triceps,Triceps,Front deltoids,Barbell,https://www.youtube.com/watch?v=Uc5a-SxWPWQ,reps x weight,strength
triceps_extension_cable,Triceps Extension (Cable),"Lie on a flat bench at the end of a low pulley and hold the straight bar with a narrow overhand grip. Start with your arms extended and the bar over your face. Bend your elbows to lower the bar toward your forehead, then extend to press it back up.",Keep elbows tucked and still · Lower the bar toward your forehead,iso_triceps,Triceps,Front deltoids,Cable machine,https://www.youtube.com/watch?v=MwfWEn04I8I,reps x weight,strength
triceps_extension_dumbbell,Triceps Extension (Dumbbell),"Stand with feet shoulder width and hold one dumbbell overhead with both hands, arms extended. Keep your elbows in and pointing up as you lower the weight behind your head. Press back up to full lockout overhead.",Keep your elbows pointing up · Lower behind your head,iso_triceps,Triceps,Front deltoids,Dumbbell,https://www.youtube.com/watch?v=dsRbS_em7D8,reps x weight,strength
triceps_extension_machine,Triceps Extension (Machine),"Adjust the seat and set your upper arms against the pads, grasping the handles. Extend your elbows to push the handles down until your arms are straight. Return under control until your elbows are bent, keeping your upper arms on the pads.",Keep upper arms on the pads · Push down to straight arms,iso_triceps,Triceps,Front deltoids,Machine,https://www.youtube.com/watch?v=Bx8ga1BLHLE,reps x weight,strength
triceps_extension_suspension,Triceps Extension (Suspension),,,iso_triceps,Triceps,Front deltoids,Suspension trainer,,reps,strength
triceps_kickback_cable,Triceps Kickback (Cable),,,iso_triceps,Triceps,Front deltoids,Cable machine,,reps x weight,strength
triceps_kickback_dumbbell,Triceps Kickback (Dumbbell),,,iso_triceps,Triceps,Front deltoids,Dumbbell,,reps x weight,strength
triceps_pressdown,Triceps Pressdown,,,iso_triceps,Triceps,Front deltoids,Bodyweight,,reps,strength
triceps_pushdown,Triceps Pushdown,"Stand at a high pulley with the elbows pinned to the sides. Extend the arms fully down, then return under control without letting the elbows drift.",Elbows stay pinned to the sides · full extension at the bottom · don't lean over the bar to push it · control the return,iso_triceps,Triceps,Front deltoids,Cable machine,https://www.youtube.com/watch?v=6Fzep104f0s,reps x weight,strength
triceps_rope_pushdown,Triceps Rope Pushdown,"Attach a rope to a high pulley and grip it with palms facing each other. Keep your upper arms pinned to your sides and lean the torso slightly forward. Push the rope down by extending your elbows and spread the ends apart at the bottom, then let it rise to chest height.",Pin upper arms to sides · Spread rope at the bottom,iso_triceps,Triceps,Front deltoids,Cable machine,https://www.youtube.com/watch?v=cHzjrHRv5gY,reps x weight,strength
upright_row_barbell,Upright Row (Barbell),"Grip a barbell with an overhand grip slightly narrower than shoulder width, arms hanging so the bar rests on your thighs and your back straight. Pull the bar straight up along your body toward your collarbone, leading with your elbows. Lower it under control.","Lead with your elbows · Pull to your collarbone, no swing",horizontal_pull,Shoulders,Biceps; rear deltoids; forearms,Barbell,https://www.youtube.com/watch?v=nIJGvsdNtFE,reps x weight,strength
upright_row_cable,Upright Row (Cable),,,horizontal_pull,Shoulders,Biceps; rear deltoids; forearms,Cable machine,,reps x weight,strength
upright_row_dumbbell,Upright Row (Dumbbell),"Hold the dumbbells in front of the thighs. Pull them straight up along the body by leading with the elbows to about chest height, then lower under control.","Lead with the elbows, keep the weights close · don't pull above chest height · control the descent · stop if the shoulders pinch",horizontal_pull,Shoulders,Biceps; rear deltoids; forearms,Dumbbell,https://www.youtube.com/watch?v=Rd5AsxOGqss,reps x weight,strength
v_up,V Up,,,core_flexion,Abdominals,Hip flexors; obliques,Bodyweight,,reps,strength
v_sit_hold,V-Sit Hold,"From an L-sit, compress the hips and lift the straight legs above horizontal into a V shape. Lean the shoulders slightly back to balance the weight of the legs.",Legs above horizontal · Lean the shoulders back to balance · Arms stay locked,core_flexion,Abdominals,Hip flexors; obliques,Bodyweight,https://www.youtube.com/watch?v=I_mppMeo6vA,timed,skill work
walking,Walking,,,cardio,Cardiovascular system,,Cardio equipment or open space,,timed,warmup/cooldown
walking_lunge,Walking Lunge,,,lunge,Quadriceps,Glutes; hamstrings; calves,Bodyweight,,timed,strength
walking_lunge_dumbbell,Walking Lunge (Dumbbell),,,lunge,Quadriceps,Glutes; hamstrings; calves,Dumbbell,,timed,strength
wall_ball,Wall Ball,,,power_plyo,Full body,Glutes; hamstrings; calves,Bodyweight,,reps,strength
wall_sit,Wall Sit,,,squat,Quadriceps,Glutes; hamstrings; calves,Bodyweight,,timed,strength
warm_up,Warm Up,,,mobility,Full body,,Bodyweight,,timed,warmup/cooldown
wide_pull_up,Wide Pull Up,"Take an overhand grip wider than shoulder width. Pull the chest toward the bar while keeping the shoulders pulled down, then lower to straight arms.",Hands wider than the shoulders · Lead with the chest · Do not shorten the range,vertical_pull,Lats,Biceps; upper back; forearms,Pull-up bar,https://www.youtube.com/watch?v=IK3sH7wOAWE,reps,strength
wrist_roller,Wrist Roller,"Stand tall gripping a loaded wrist roller with both hands, palms down. Raise your arms straight in front until they are parallel to the floor. Wind the weight up by rolling the bar hand over hand, then slowly reverse the roll to lower it back down.",Hold arms out parallel to floor · Wind hand over hand · Unwind slowly to lower,iso_forearm,Forearms,Biceps,Other,https://www.youtube.com/watch?v=C4urEGe0zsQ,reps,strength
yoga,Yoga,,,mobility,Full body,,Bodyweight,,timed,stretching
zercher_squat,Zercher Squat,,,squat,Quadriceps,Glutes; hamstrings; calves,Bodyweight,,reps,strength
zottman_curl_dumbbell,Zottman Curl (Dumbbell),,,iso_biceps,Biceps,Forearms,Dumbbell,,reps x weight,strength